--
-- PostgreSQL database dump
--

-- Dumped from database version 13.2
-- Dumped by pg_dump version 13.2

SET statement_timeout = 0;
SET lock_timeout = 0;
SET idle_in_transaction_session_timeout = 0;
SET client_encoding = 'UTF8';
SET standard_conforming_strings = on;
SELECT pg_catalog.set_config('search_path', '', false);
SET check_function_bodies = false;
SET xmloption = content;
SET client_min_messages = warning;
SET row_security = off;

SET default_tablespace = '';

SET default_table_access_method = heap;

--
-- Name: Coach; Type: TABLE; Schema: public; Owner: postgres
--

CREATE TABLE public."Coach" (
    id text NOT NULL,
    "createdAt" timestamp(3) without time zone DEFAULT CURRENT_TIMESTAMP NOT NULL,
    "updatedAt" timestamp(3) without time zone NOT NULL,
    handle text NOT NULL,
    name text NOT NULL,
    type text,
    "isAssistant" text,
    "teamId" text
);


ALTER TABLE public."Coach" OWNER TO postgres;

--
-- Name: ColorScheme; Type: TABLE; Schema: public; Owner: postgres
--

CREATE TABLE public."ColorScheme" (
    id text NOT NULL,
    "createdAt" timestamp(3) without time zone DEFAULT CURRENT_TIMESTAMP NOT NULL,
    "updatedAt" timestamp(3) without time zone NOT NULL,
    "primary" text NOT NULL,
    secondary text NOT NULL,
    "teamId" text
);


ALTER TABLE public."ColorScheme" OWNER TO postgres;

--
-- Name: Player; Type: TABLE; Schema: public; Owner: postgres
--

CREATE TABLE public."Player" (
    id text NOT NULL,
    "createdAt" timestamp(3) without time zone DEFAULT CURRENT_TIMESTAMP NOT NULL,
    "updatedAt" timestamp(3) without time zone NOT NULL,
    handle text NOT NULL,
    name text NOT NULL,
    slug text NOT NULL,
    height text NOT NULL,
    weight text NOT NULL,
    number text,
    "position" text,
    "teamId" text
);


ALTER TABLE public."Player" OWNER TO postgres;

--
-- Name: Team; Type: TABLE; Schema: public; Owner: postgres
--

CREATE TABLE public."Team" (
    id text NOT NULL,
    "createdAt" timestamp(3) without time zone DEFAULT CURRENT_TIMESTAMP NOT NULL,
    "updatedAt" timestamp(3) without time zone NOT NULL,
    handle text NOT NULL,
    name text NOT NULL,
    slug text NOT NULL,
    city text NOT NULL,
    abbreviation text NOT NULL,
    logo text NOT NULL,
    "logoSlug" text NOT NULL,
    wins integer,
    losses integer,
    "winPercentage" double precision,
    conference text NOT NULL,
    division text NOT NULL,
    established text NOT NULL
);


ALTER TABLE public."Team" OWNER TO postgres;

--
-- Name: _prisma_migrations; Type: TABLE; Schema: public; Owner: postgres
--

CREATE TABLE public._prisma_migrations (
    id character varying(36) NOT NULL,
    checksum character varying(64) NOT NULL,
    finished_at timestamp with time zone,
    migration_name character varying(255) NOT NULL,
    logs text,
    rolled_back_at timestamp with time zone,
    started_at timestamp with time zone DEFAULT now() NOT NULL,
    applied_steps_count integer DEFAULT 0 NOT NULL
);


ALTER TABLE public._prisma_migrations OWNER TO postgres;

--
-- Data for Name: Coach; Type: TABLE DATA; Schema: public; Owner: postgres
--

COPY public."Coach" (id, "createdAt", "updatedAt", handle, name, type, "isAssistant", "teamId") FROM stdin;
1831	2021-04-05 15:41:19.006	2021-04-05 15:42:38.941	1831	Marlon Garnett	Assistant Coach	2	1610612737
202979	2021-04-05 15:41:18.76	2021-04-05 15:42:39.248	202979	Jamie Young	Assistant Coach	2	1610612738
1627329	2021-04-05 15:41:18.78	2021-04-05 15:42:39.256	1627329	Scott Morrison	Assistant Coach	2	1610612738
1628210	2021-04-05 15:41:18.782	2021-04-05 15:42:39.291	1628210	Joe Mazzulla	Assistant Coach	2	1610612738
1628765	2021-04-05 15:41:18.784	2021-04-05 15:42:39.306	1628765	Art Horne	Trainer	3	1610612738
959	2021-04-05 15:41:18.786	2021-04-05 15:42:39.556	959	Steve Nash	Head Coach	1	1610612751
202588	2021-04-05 15:41:18.788	2021-04-05 15:42:39.582	202588	Jacque Vaughn	Lead Assistant Coach	13	1610612751
1783	2021-04-05 15:41:18.791	2021-04-05 15:42:39.592	1783	Mike D'Antoni	Assistant Coach	2	1610612751
1627876	2021-04-05 15:41:18.796	2021-04-05 15:42:39.608	1627876	Adam Harrington	Assistant Coach	2	1610612751
1627877	2021-04-05 15:41:19.01	2021-04-05 15:42:39.636	1627877	Jordan Ott	Assistant Coach	2	1610612751
1628803	2021-04-05 15:41:19.029	2021-04-05 15:42:39.651	1628803	Ryan Forehan-Kelly	Assistant Coach	2	1610612751
203550	2021-04-05 15:41:19.031	2021-04-05 15:42:39.687	203550	Sebastien Poirier	Trainer	3	1610612751
202435	2021-04-05 15:41:18.798	2021-04-05 15:42:39.949	202435	James Borrego	Head Coach	1	1610612766
2472	2021-04-05 15:41:18.8	2021-04-05 15:42:40.078	2472	Jay Triano	Assistant Coach	2	1610612766
202602	2021-04-05 15:41:18.802	2021-04-05 15:42:40.099	202602	Chad Iske	Assistant Coach	2	1610612766
101278	2021-04-05 15:41:18.804	2021-04-05 15:42:40.128	101278	Joe Sharpe	Trainer	3	1610612766
1627310	2021-04-05 15:41:18.808	2021-04-05 15:42:40.444	1627310	Billy Donovan	Head Coach	1	1610612741
1627604	2021-04-05 15:41:18.81	2021-04-05 15:42:40.451	1627604	Chris Fleming	Assistant Coach	2	1610612741
2511	2021-04-05 15:41:18.829	2021-04-05 15:42:40.458	2511	Mike Wilhelm	Assistant Coach	2	1610612741
204031	2021-04-05 15:41:18.831	2021-04-05 15:42:40.501	204031	Joshua Longstaff	Assistant Coach	2	1610612741
1312	2021-04-05 15:41:18.833	2021-04-05 15:42:40.508	1312	Maurice Cheeks	Assistant Coach	2	1610612741
2394	2021-04-05 15:41:18.835	2021-04-05 15:42:40.537	2394	Pete Myers	Assistant Coach	2	1610612741
203811	2021-04-05 15:41:19.033	2021-04-05 15:42:40.784	203811	Greg Buckner	Assistant Coach	2	1610612739
204238	2021-04-05 15:41:18.839	2021-04-05 15:42:40.795	204238	Antonio Lang	Assistant Coach	2	1610612739
1629110	2021-04-05 15:41:18.842	2021-04-05 15:42:40.802	1629110	Dan Geriot	Assistant Coach	2	1610612739
204286	2021-04-05 15:41:18.844	2021-04-05 15:42:40.838	204286	Stephen Spiro	Trainer	3	1610612739
1320	2021-04-05 15:41:18.846	2021-04-05 15:42:41.096	1320	Rick Carlisle	Head Coach	1	1610612742
202427	2021-04-05 15:41:18.85	2021-04-05 15:42:41.11	202427	Jamahl Mosley	Assistant Coach	2	1610612742
2868	2021-04-05 15:41:18.852	2021-04-05 15:42:41.155	2868	Casey Smith	Trainer	3	1610612742
2871	2021-04-05 15:41:18.855	2021-04-05 15:42:41.181	2871	Dionne Calhoun	Assistant Trainer	4	1610612742
2610	2021-04-05 15:41:18.857	2021-04-05 15:42:41.406	2610	Michael Malone	Head Coach	1	1610612743
203391	2021-04-05 15:41:18.86	2021-04-05 15:42:41.432	203391	Ryan Bowen	Assistant Coach	2	1610612743
203165	2021-04-05 15:41:18.881	2021-04-05 15:42:41.449	203165	Bob Weiss	Assistant Coach	2	1610612743
203759	2021-04-05 15:41:18.883	2021-04-05 15:42:41.482	203759	Jordi Fernandez	Assistant Coach	2	1610612743
1018	2021-04-05 15:41:18.885	2021-04-05 15:42:41.492	1018	Wes Unseld	Assistant Coach	2	1610612743
1627167	2021-04-05 15:41:18.887	2021-04-05 15:42:41.499	1627167	Dan Shimensky	Trainer	3	1610612743
204230	2021-04-05 15:41:18.889	2021-04-05 15:42:41.75	204230	Tim Hardaway	Assistant Coach	2	1610612765
1336	2021-04-05 15:41:18.891	2021-04-05 15:42:41.757	1336	Tim Grgurich	Assistant Coach	2	1610612765
202101	2021-04-05 15:41:18.893	2021-04-05 15:42:41.782	202101	Micah Nori	Assistant Coach	2	1610612765
201678	2021-04-05 15:41:18.898	2021-04-05 15:42:41.807	201678	Jim Scholler	Trainer	3	1610612765
204239	2021-04-05 15:41:18.9	2021-04-05 15:42:42.049	204239	Jarron Collins	Assistant Coach	2	1610612744
1658	2021-04-05 15:41:18.902	2021-04-05 15:42:42.057	1658	Mike Brown	Assistant Coach	2	1610612744
204260	2021-04-05 15:41:18.904	2021-04-05 15:42:42.082	204260	Bruce Fraser	Assistant Coach	2	1610612744
1796	2021-04-05 15:41:18.906	2021-04-05 15:42:42.091	1796	Ron Adams	Assistant Coach	2	1610612744
1628227	2021-04-05 15:41:19.035	2021-04-05 15:42:42.105	1628227	Drew Yoder	Trainer	3	1610612744
1630277	2021-04-05 15:41:19.037	2021-04-05 15:42:42.341	1630277	Rick Higgins	Assistant Coach	2	1610612745
1786	2021-04-05 15:41:18.912	2021-04-05 15:42:42.348	1786	John Lucas	Assistant Coach	2	1610612745
202898	2021-04-05 15:41:19.04	2021-04-05 15:42:42.38	202898	Jeff Hornacek	Assistant Coach	2	1610612745
1627657	2021-04-05 15:41:19.042	2021-04-05 15:42:42.39	1627657	Will Weaver	Assistant Coach	2	1610612745
1257	2021-04-05 15:41:19.044	2021-04-05 15:42:42.397	1257	Keith Jones	Trainer	3	1610612745
201765	2021-04-05 15:41:18.929	2021-04-05 15:42:42.631	201765	Nate Bjorkgren	Head Coach	1	1610612754
203785	2021-04-05 15:41:19.049	2021-04-05 15:42:42.64	203785	Greg Foster	Assistant Coach	2	1610612754
201696	2021-04-05 15:41:18.931	2021-04-05 15:42:42.647	201696	Kaleb Canales	Assistant Coach	2	1610612754
203764	2021-04-05 15:41:19.051	2021-04-05 15:42:42.66	203764	Tyler Marsh	Assistant Coach	2	1610612754
101200	2021-04-05 15:41:18.933	2021-04-05 15:42:42.687	101200	Josh Corbeil	Trainer	3	1610612754
202978	2021-04-05 15:41:18.937	2021-04-05 15:42:42.899	202978	Tyronn Lue	Head Coach	1	1610612746
2345	2021-04-05 15:41:18.939	2021-04-05 15:42:43.21	2345	Frank Vogel	Head Coach	1	1610612747
1629748	2021-04-05 15:41:18.942	2021-04-05 15:42:43.237	1629748	Quinton Crawford	Assistant Coach	2	1610612747
1353	2021-04-05 15:41:18.945	2021-04-05 15:42:43.245	1353	Lionel Hollins	Assistant Coach	2	1610612747
203456	2021-04-05 15:41:18.947	2021-04-05 15:42:43.252	203456	Jason Kidd	Assistant Coach	2	1610612747
203624	2021-04-05 15:41:18.951	2021-04-05 15:42:43.505	203624	Taylor Jenkins	Head Coach	1	1610612763
2086	2021-04-05 15:41:18.953	2021-04-05 15:42:43.547	2086	Scoonie Penn	Assistant Coach	2	1610612763
1628234	2021-04-05 15:41:18.956	2021-04-05 15:42:43.587	1628234	David McClure	Assistant Coach	2	1610612763
1630018	2021-04-05 15:41:18.958	2021-04-05 15:42:43.602	1630018	Eric Oetter	Trainer	3	1610612763
1787	2021-04-05 15:41:18.96	2021-04-05 15:42:43.801	1787	Erik Spoelstra	Head Coach	1	1610612748
2630	2021-04-05 15:41:18.979	2021-04-05 15:42:44.701	2630	Bob Beyer	Assistant Coach	2	1610612740
1370	2021-04-05 15:41:18.983	2021-04-05 15:42:45.09	1370	Roger Hinds	Trainer	3	1610612752
203758	2021-04-05 15:41:18.988	2021-04-05 15:42:45.335	203758	Mike Miller	Assistant Coach	2	1610612760
2366	2021-04-05 15:41:18.99	2021-04-05 15:42:45.343	2366	Mike Wilks	Assistant Coach	2	1610612760
1629758	2021-04-05 15:41:18.986	2021-04-05 15:42:45.35	1629758	Dave Bliss	Assistant Coach	2	1610612760
202859	2021-04-05 15:41:18.992	2021-04-05 15:42:45.356	202859	David Akinyooye	Assistant Coach	2	1610612760
204013	2021-04-05 15:41:18.994	2021-04-05 15:42:45.641	204013	Pat Delany	Assistant Coach	2	1610612753
1865	2021-04-05 15:41:18.998	2021-04-05 15:42:46.208	1865	Randy Ayers	Assistant Coach	2	1610612756
201046	2021-04-05 15:41:19	2021-04-05 15:42:46.786	201046	Lindsey Harding	Assistant Coach	2	1610612758
1627564	2021-04-05 15:41:19.002	2021-04-05 15:42:46.801	1627564	Jonah Herscu	Assistant Coach	2	1610612758
2607	2021-04-05 15:41:19.255	2021-04-05 15:42:38.895	2607	Chris Jent	Assistant Coach	2	1610612737
1630017	2021-04-05 15:41:19.279	2021-04-05 15:42:38.957	1630017	John Dusel	Assistant Trainer	4	1610612737
203535	2021-04-05 15:41:19.283	2021-04-05 15:42:39.23	203535	Brad Stevens	Head Coach	1	1610612738
1628807	2021-04-05 15:41:19.285	2021-04-05 15:42:39.241	1628807	Brandon Bailey	Assistant Coach	2	1610612738
1627590	2021-04-05 15:41:19.289	2021-04-05 15:42:39.282	1627590	Jerome Allen	Assistant Coach	2	1610612738
203168	2021-04-05 15:41:19.291	2021-04-05 15:42:39.298	203168	Jay Larranaga	Assistant Coach	2	1610612738
201168	2021-04-05 15:41:19.297	2021-04-05 15:42:39.66	201168	Tiago Splitter	Assistant Coach for Player Development	12	1610612751
1629412	2021-04-05 15:41:19.249	2021-04-05 15:42:39.694	1629412	Dan Liburd	Strength and Conditioning Coach	5	1610612751
203753	2021-04-05 15:41:19.26	2021-04-05 15:42:39.96	203753	Ronald Nored	Assistant Coach	2	1610612766
202743	2021-04-05 15:41:19.281	2021-04-05 15:42:40.486	202743	John Bryant	Assistant Coach	2	1610612741
2794	2021-04-05 15:41:19.293	2021-04-05 15:42:40.749	2794	JB Bickerstaff	Head Coach	1	1610612739
202599	2021-04-05 15:41:19.307	2021-04-05 15:42:41.14	202599	Darrell Armstrong	Assistant Coach	2	1610612742
1628782	2021-04-05 15:41:19.309	2021-04-05 15:42:41.148	1628782	Mike Weinar	Assistant Coach	2	1610612742
203600	2021-04-05 15:41:19.311	2021-04-05 15:42:41.456	203600	David Adelman	Assistant Coach	2	1610612743
1335	2021-04-05 15:41:19.3	2021-04-05 15:42:41.743	1335	Dwane Casey	Head Coach	1	1610612765
204085	2021-04-05 15:41:19.304	2021-04-05 15:42:41.791	204085	Sean Sweeney	Assistant Coach	2	1610612765
204005	2021-04-05 15:41:19.331	2021-04-05 15:42:42.041	204005	Steve Kerr	Head Coach	1	1610612744
2205	2021-04-05 15:41:19.335	2021-04-05 15:42:42.355	2205	DeSagana Diop	Assistant Coach	2	1610612745
384	2021-04-05 15:41:19.337	2021-04-05 15:42:42.654	384	Calbert Cheaney	Assistant Coach	2	1610612754
203599	2021-04-05 15:41:19.341	2021-04-05 15:42:42.906	203599	Dan Craig	Associate Head Coach	9	1610612746
1497	2021-04-05 15:41:19.329	2021-04-05 15:42:42.932	1497	Chauncey Billups	Lead Assistant Coach	13	1610612746
1630361	2021-04-05 15:41:19.343	2021-04-05 15:42:42.942	1630361	Jeremy Castleberry	Assistant Coach	2	1610612746
201689	2021-04-05 15:41:19.347	2021-04-05 15:42:42.949	201689	Roy Rogers	Assistant Coach	2	1610612746
2010	2021-04-05 15:41:19.055	2021-04-05 15:42:42.998	2010	Jasen Powell	Trainer	3	1610612746
203797	2021-04-05 15:41:19.057	2021-04-05 15:42:43.553	203797	Brad Jones	Assistant Coach	2	1610612763
204011	2021-04-05 15:41:19.059	2021-04-05 15:42:43.56	204011	Darko Rajakovic	Assistant Coach	2	1610612763
204229	2021-04-05 15:41:19.061	2021-04-05 15:42:43.809	204229	Malik Allen	Assistant Coach	2	1610612748
2406	2021-04-05 15:41:19.079	2021-04-05 15:42:43.836	2406	Caron Butler	Assistant Coach	2	1610612748
1281	2021-04-05 15:41:19.081	2021-04-05 15:42:43.858	1281	Jay Sabol	Trainer	3	1610612748
1628784	2021-04-05 15:41:19.083	2021-04-05 15:42:44.102	1628784	Pat St. Andrews	Assistant Coach	2	1610612749
2649	2021-04-05 15:41:19.085	2021-04-05 15:42:44.108	2649	Chad Forcier	Assistant Coach	2	1610612749
204224	2021-04-05 15:41:19.089	2021-04-05 15:42:44.144	204224	Ben Sullivan	Assistant Coach	2	1610612749
204225	2021-04-05 15:41:19.092	2021-04-05 15:42:44.151	204225	Charles Lee	Assistant Coach	2	1610612749
452	2021-04-05 15:41:19.094	2021-04-05 15:42:44.158	452	Vin Baker	Assistant Coach	2	1610612749
202896	2021-04-05 15:41:19.097	2021-04-05 15:42:44.395	202896	Chris Finch	Head Coach	1	1610612750
1628772	2021-04-05 15:41:19.101	2021-04-05 15:42:44.409	1628772	Kevin Burleson	Assistant Coach	2	1610612750
974	2021-04-05 15:41:19.103	2021-04-05 15:42:44.437	974	Joseph Blair	Assistant Coach	2	1610612750
2146	2021-04-05 15:41:19.105	2021-04-05 15:42:44.459	2146	Gregg Farnam	Trainer	3	1610612750
1277	2021-04-05 15:41:19.107	2021-04-05 15:42:44.686	1277	Stan Van Gundy	Head Coach	1	1610612740
201676	2021-04-05 15:41:19.109	2021-04-05 15:42:44.694	201676	Fred Vinson	Assistant Coach	2	1610612740
100101	2021-04-05 15:41:19.129	2021-04-05 15:42:44.708	100101	Teresa Weatherspoon	Assistant Coach	2	1610612740
203243	2021-04-05 15:41:19.131	2021-04-05 15:42:44.737	203243	Casey Hill	Assistant Coach	2	1610612740
777	2021-04-05 15:41:19.133	2021-04-05 15:42:44.745	777	Rex Walters	Assistant Coach	2	1610612740
1630382	2021-04-05 15:41:19.135	2021-04-05 15:42:44.752	1630382	Tom Maystadt	Trainer	3	1610612740
1630161	2021-04-05 15:41:19.139	2021-04-05 15:42:45.009	1630161	Kenny Payne	Lead Assistant Coach	13	1610612752
1285	2021-04-05 15:41:19.142	2021-04-05 15:42:45.037	1285	Mike Woodson	Assistant Coach	2	1610612752
2519	2021-04-05 15:41:19.144	2021-04-05 15:42:45.057	2519	Andy Greer	Assistant Coach	2	1610612752
101269	2021-04-05 15:41:19.146	2021-04-05 15:42:45.082	101269	Anthony Goenaga	Trainer	3	1610612752
1627327	2021-04-05 15:41:19.149	2021-04-05 15:42:45.301	1627327	Mark Daigneault	Head Coach	1	1610612760
1629423	2021-04-05 15:41:19.15	2021-04-05 15:42:45.397	1629423	Donnie Strack	Trainer	3	1610612760
2168	2021-04-05 15:41:19.152	2021-04-05 15:42:45.594	2168	Steve Clifford	Head Coach	1	1610612753
2821	2021-04-05 15:41:19.157	2021-04-05 15:42:45.607	2821	Ty Corbin	Assistant Coach	2	1610612753
204004	2021-04-05 15:41:19.159	2021-04-05 15:42:45.632	204004	Steve Hetzel	Assistant Coach	2	1610612753
2720	2021-04-05 15:41:19.162	2021-04-05 15:42:45.681	2720	Ernest Eugene	Trainer	3	1610612753
2515	2021-04-05 15:41:19.179	2021-04-05 15:42:45.941	2515	Dan Burke	Assistant Coach	2	1610612755
202108	2021-04-05 15:41:19.181	2021-04-05 15:42:45.947	202108	Sam Cassell	Assistant Coach	2	1610612755
202434	2021-04-05 15:41:19.183	2021-04-05 15:42:45.954	202434	Popeye Jones	Assistant Coach	2	1610612755
1360	2021-04-05 15:41:19.187	2021-04-05 15:42:45.986	1360	Kevin Johnson	Trainer	3	1610612755
101273	2021-04-05 15:41:19.19	2021-04-05 15:42:46.194	101273	Monty Williams	Head Coach	1	1610612756
202111	2021-04-05 15:41:19.193	2021-04-05 15:42:46.235	202111	Kevin Young	Assistant Coach	2	1610612756
1337	2021-04-05 15:41:19.195	2021-04-05 15:42:46.445	1337	Terry Stotts	Head Coach	1	1610612757
203170	2021-04-05 15:41:19.197	2021-04-05 15:42:46.489	203170	Dale Osbourne	Assistant Coach	2	1610612757
2457	2021-04-05 15:41:19.2	2021-04-05 15:42:46.503	2457	Jannero Pargo	Assistant Coach	2	1610612757
1243	2021-04-05 15:41:19.204	2021-04-05 15:42:46.754	1243	Alvin Gentry	Associate Head Coach	9	1610612758
1629711	2021-04-05 15:41:19.206	2021-04-05 15:42:46.779	1629711	Roy Rana	Assistant Coach	2	1610612758
1627331	2021-04-05 15:41:19.209	2021-04-05 15:42:46.852	1627331	Will Scott	Assistant Coach for Player Development	12	1610612758
203167	2021-04-05 15:41:19.211	2021-04-05 15:42:46.886	203167	Joe Resendez	Trainer	3	1610612758
873	2021-04-05 15:41:19.229	2021-04-05 15:42:47.107	873	Gregg Popovich	Head Coach	1	1610612759
2887	2021-04-05 15:41:19.233	2021-04-05 15:42:47.147	2887	Chip Engelland	Assistant Coach	2	1610612759
203606	2021-04-05 15:41:19.235	2021-04-05 15:42:47.394	203606	Nick Nurse	Head Coach	1	1610612761
1629821	2021-04-05 15:41:19.238	2021-04-05 15:42:47.4	1629821	Jon Goodwillie	Assistant Coach	2	1610612761
203604	2021-04-05 15:41:19.24	2021-04-05 15:42:47.407	203604	Jama Mahlalela	Assistant Coach	2	1610612761
1356	2021-04-05 15:41:19.243	2021-04-05 15:42:47.453	1356	Scott McCullough	Trainer	3	1610612761
1627328	2021-04-05 15:41:19.247	2021-04-05 15:42:48.082	1627328	Jarell Christian	Assistant Coach	2	1610612764
1778	2021-04-05 15:41:19.251	2021-04-05 15:42:38.881	1778	Nate McMillan	Head Coach	1	1610612737
2384	2021-04-05 15:41:19.258	2021-04-05 15:42:38.903	2384	Melvin Hunt	Assistant Coach	2	1610612737
1628770	2021-04-05 15:41:19.004	2021-04-05 15:42:38.911	1628770	Matt Hill	Assistant Coach	2	1610612737
1628764	2021-04-05 15:41:19.008	2021-04-05 15:42:38.95	1628764	Scottie Parker	Trainer	3	1610612737
203152	2021-04-05 15:41:18.793	2021-04-05 15:42:39.6	203152	Ime Udoka	Assistant Coach	2	1610612751
1628179	2021-04-05 15:41:19.295	2021-04-05 15:42:39.644	1628179	Royal Ivey	Assistant Coach	2	1610612751
201666	2021-04-05 15:41:18.806	2021-04-05 15:42:40.136	201666	Dennis Williams	Assistant Trainer	4	1610612766
1629710	2021-04-05 15:41:18.837	2021-04-05 15:42:40.756	1629710	Lindsay Gottlieb	Assistant Coach	2	1610612739
202565	2021-04-05 15:41:19.302	2021-04-05 15:42:40.81	202565	Mike Gerrity	Assistant Coach	2	1610612739
1628785	2021-04-05 15:41:18.848	2021-04-05 15:42:41.103	1628785	Zach Guthrie	Assistant Coach	2	1610612742
202894	2021-04-05 15:41:18.878	2021-04-05 15:42:41.442	202894	Charles Klask	Assistant Coach	2	1610612743
1226	2021-04-05 15:41:18.895	2021-04-05 15:42:41.798	1226	Sidney Lowe	Assistant Coach	2	1610612765
1627666	2021-04-05 15:41:19.286	2021-04-05 15:42:42.098	1627666	Chris DeMarco	Assistant Coach for Player Development	12	1610612744
2152	2021-04-05 15:41:18.909	2021-04-05 15:42:42.332	2152	Stephen Silas	Head Coach	1	1610612745
202431	2021-04-05 15:41:19.047	2021-04-05 15:42:42.403	202431	Jason Biles	Trainer	3	1610612745
201675	2021-04-05 15:41:18.935	2021-04-05 15:42:42.694	201675	Carl Eaton	Assistant Trainer	4	1610612754
1271	2021-04-05 15:41:19.052	2021-04-05 15:42:42.982	1271	Larry Drew	Assistant Coach	2	1610612746
201690	2021-04-05 15:41:19.349	2021-04-05 15:42:42.956	201690	Kenny Atkinson	Assistant Coach	2	1610612746
2814	2021-04-05 15:41:19.351	2021-04-05 15:42:42.991	2814	Brendan O'Connor	Assistant Coach	2	1610612746
203597	2021-04-05 15:41:18.949	2021-04-05 15:42:43.259	203597	Phil Handy	Assistant Coach	2	1610612747
1628472	2021-04-05 15:41:19.355	2021-04-05 15:42:43.287	1628472	Miles Simon	Assistant Coach	2	1610612747
2130	2021-04-05 15:41:19.352	2021-04-05 15:42:43.296	2130	Mike Penberthy	Assistant Coach	2	1610612747
201766	2021-04-05 15:41:19.361	2021-04-05 15:42:43.303	201766	Nina Hsieh	Trainer	3	1610612747
1630290	2021-04-05 15:41:19.38	2021-04-05 15:42:43.531	1630290	Sonia Raman	Assistant Coach	2	1610612763
202433	2021-04-05 15:41:19.383	2021-04-05 15:42:43.539	202433	Vitaly Potapenko	Assistant Coach	2	1610612763
201336	2021-04-05 15:41:19.386	2021-04-05 15:42:43.595	201336	Blake Ahearn	Assistant Coach	2	1610612763
204226	2021-04-05 15:41:19.357	2021-04-05 15:42:43.843	204226	Chris Quinn	Assistant Coach	2	1610612748
201682	2021-04-05 15:41:19.388	2021-04-05 15:42:43.851	201682	Octavio De La Grana	Assistant Coach for Player Development	12	1610612748
1371	2021-04-05 15:41:19.391	2021-04-05 15:42:44.095	1371	Mike Budenholzer	Head Coach	1	1610612749
203005	2021-04-05 15:41:19.087	2021-04-05 15:42:44.136	203005	Darvin Ham	Assistant Coach	2	1610612749
203150	2021-04-05 15:41:19.099	2021-04-05 15:42:44.402	203150	David Vanterpool	Associate Head Coach	9	1610612750
201692	2021-04-05 15:41:19.394	2021-04-05 15:42:44.187	201692	Scott Faust	Trainer	3	1610612749
203143	2021-04-05 15:41:19.399	2021-04-05 15:42:44.444	203143	Pablo Prigioni	Assistant Coach	2	1610612750
202109	2021-04-05 15:41:19.397	2021-04-05 15:42:44.453	202109	Bryan Gates	Assistant Coach	2	1610612750
1629432	2021-04-05 15:41:19.403	2021-04-05 15:42:44.759	1629432	Todd Campbell	Assistant Trainer	4	1610612740
1301	2021-04-05 15:41:19.402	2021-04-05 15:42:44.994	1301	Tom Thibodeau	Head Coach	1	1610612752
203375	2021-04-05 15:41:19.502	2021-04-05 15:42:45.044	203375	Darren Erman	Assistant Coach	2	1610612752
1628178	2021-04-05 15:41:19.505	2021-04-05 15:42:45.308	1628178	Vin Bhavnani	Assistant Coach	2	1610612760
1627164	2021-04-05 15:41:19.508	2021-04-05 15:42:45.648	1627164	Bruce Kreutzer	Assistant Coach	2	1610612753
1627336	2021-04-05 15:41:19.51	2021-04-05 15:42:45.655	1627336	Dylan Murphy	Assistant Coach	2	1610612753
1941	2021-04-05 15:41:19.406	2021-04-05 15:42:45.907	1941	Doc Rivers	Head Coach	1	1610612755
1628228	2021-04-05 15:41:19.531	2021-04-05 15:42:46.242	1628228	Willie Green	Assistant Coach	2	1610612756
101173	2021-04-05 15:41:19.408	2021-04-05 15:42:46.249	101173	Mark Bryant	Assistant Coach	2	1610612756
1629410	2021-04-05 15:41:19.41	2021-04-05 15:42:46.256	1629410	David Crewe	Trainer	3	1610612756
202891	2021-04-05 15:41:19.429	2021-04-05 15:42:46.452	202891	Nate Tibbetts	Associate Head Coach	9	1610612757
1627471	2021-04-05 15:41:19.433	2021-04-05 15:42:46.496	1627471	Jim Moran	Assistant Coach	2	1610612757
204012	2021-04-05 15:41:19.435	2021-04-05 15:42:46.745	204012	Luke Walton	Head Coach	1	1610612758
203605	2021-04-05 15:41:19.534	2021-04-05 15:42:46.793	203605	Jesse Mermuys	Assistant Coach	2	1610612758
1672	2021-04-05 15:41:19.536	2021-04-05 15:42:46.81	1672	Rex Kalamian	Assistant Coach	2	1610612758
202985	2021-04-05 15:41:19.437	2021-04-05 15:42:46.836	202985	Bobby Jackson	Assistant Coach for Player Development	12	1610612758
1627971	2021-04-05 15:41:19.439	2021-04-05 15:42:46.859	1627971	Rico Hines	Assistant Coach for Player Development	12	1610612758
2443	2021-04-05 15:41:19.54	2021-04-05 15:42:47.14	2443	Darius Songaila	Assistant Coach	2	1610612759
204019	2021-04-05 15:41:19.442	2021-04-05 15:42:47.154	204019	Becky Hammon	Assistant Coach	2	1610612759
1628181	2021-04-05 15:41:19.444	2021-04-05 15:42:47.18	1628181	Will Hardy	Assistant Coach	2	1610612759
1264	2021-04-05 15:41:19.447	2021-04-05 15:42:47.19	1264	Will Sevening	Trainer	3	1610612759
1629144	2021-04-05 15:41:19.543	2021-04-05 15:42:47.432	1629144	Sergio Scariolo	Assistant Coach	2	1610612761
1629761	2021-04-05 15:41:19.45	2021-04-05 15:42:47.44	1629761	Fab Flournoy	Assistant Coach	2	1610612761
201878	2021-04-05 15:41:19.452	2021-04-05 15:42:47.446	201878	Adrian Griffin	Assistant Coach	2	1610612761
2039	2021-04-05 15:41:19.457	2021-04-05 15:42:47.695	2039	Keyon Dooling	Assistant Coach	2	1610612762
725	2021-04-05 15:41:19.459	2021-04-05 15:42:47.702	725	Dell Demps	Assistant Coach	2	1610612762
204007	2021-04-05 15:41:19.461	2021-04-05 15:42:47.708	204007	Alex Jensen	Assistant Coach	2	1610612762
1626233	2021-04-05 15:41:19.545	2021-04-05 15:42:47.736	1626233	Jeff Watkinson	Assistant Coach	2	1610612762
1628216	2021-04-05 15:41:19.479	2021-04-05 15:42:47.743	1628216	Bryan Bailey	Assistant Coach	2	1610612762
1630280	2021-04-05 15:41:19.482	2021-04-05 15:42:47.75	1630280	Vince Legarza	Assistant Coach	2	1610612762
1997	2021-04-05 15:41:19.485	2021-04-05 15:42:47.782	1997	Mike Wells	Assistant Coach	2	1610612762
101203	2021-04-05 15:41:19.547	2021-04-05 15:42:47.79	101203	Eric Waters	Trainer	3	1610612762
101277	2021-04-05 15:41:19.487	2021-04-05 15:42:47.798	101277	Brian Zettler	Trainer	3	1610612762
2623	2021-04-05 15:41:19.549	2021-04-05 15:42:48.008	2623	Scott Brooks	Head Coach	1	1610612764
1655	2021-04-05 15:41:19.49	2021-04-05 15:42:48.036	1655	Tony Brown	Associate Head Coach	9	1610612764
202105	2021-04-05 15:41:19.496	2021-04-05 15:42:48.05	202105	Robert Pack	Assistant Coach	2	1610612764
203601	2021-04-05 15:41:19.498	2021-04-05 15:42:48.057	203601	Mike Terpstra	Assistant Coach	2	1610612764
1630363	2021-04-05 15:41:19.551	2021-04-05 15:42:48.091	1630363	Dean Oliver	Assistant Coach	2	1610612764
1630364	2021-04-05 15:41:19.492	2021-04-05 15:42:48.098	1630364	David Atkins	Assistant Coach	2	1610612764
200744	2021-04-05 15:41:19.5	2021-04-05 15:42:48.105	200744	Corey Gaines	Assistant Coach	2	1610612764
204008	2021-04-05 15:41:19.137	2021-04-05 15:42:45.002	204008	Johnnie Bryant	Associate Head Coach	9	1610612752
1629450	2021-04-05 15:41:18.981	2021-04-05 15:42:45.051	1629450	Larry Greer	Assistant Coach	2	1610612752
1627380	2021-04-05 15:42:45.382	2021-04-05 15:42:45.382	1627380	Kameron Woods	Assistant Coach for Player Development	12	1610612760
1630455	2021-04-05 15:42:45.39	2021-04-05 15:42:45.39	1630455	Zach Peterson	Assistant Coach for Player Development	12	1610612760
1627341	2021-04-05 15:41:19.155	2021-04-05 15:42:45.601	1627341	Mike Batiste	Assistant Coach	2	1610612753
1629169	2021-04-05 15:41:19.529	2021-04-05 15:42:45.932	1629169	Brian Adams	Assistant Coach	2	1610612755
201220	2021-04-05 15:41:19.185	2021-04-05 15:42:45.96	201220	David Joerger	Assistant Coach	2	1610612755
1629427	2021-04-05 15:41:18.996	2021-04-05 15:42:46.201	1629427	Brian Randle	Assistant Coach	2	1610612756
1628240	2021-04-05 15:41:19.431	2021-04-05 15:42:46.459	1628240	John McCullough	Assistant Coach	2	1610612757
101272	2021-04-05 15:41:19.202	2021-04-05 15:42:46.51	101272	Geoff Clark	Trainer	3	1610612757
278	2021-04-05 15:41:19.538	2021-04-05 15:42:46.844	278	Stacey Augmon	Assistant Coach for Player Development	12	1610612758
1628188	2021-04-05 15:41:19.231	2021-04-05 15:42:47.132	1628188	Mitch Johnson	Assistant Coach	2	1610612759
202439	2021-04-05 15:41:19.245	2021-04-05 15:42:47.658	202439	Quin Snyder	Head Coach	1	1610612762
1630282	2021-04-05 15:41:19.454	2021-04-05 15:42:47.687	1630282	Sergi Oliva	Assistant Coach	2	1610612762
1630281	2021-04-05 15:41:19.483	2021-04-05 15:42:47.757	1630281	Lamar Skeeter	Assistant Coach	2	1610612762
201665	2021-04-05 15:41:19.494	2021-04-05 15:42:48.044	201665	MIke Longabardi	Assistant Coach	2	1610612764
\.


--
-- Data for Name: ColorScheme; Type: TABLE DATA; Schema: public; Owner: postgres
--

COPY public."ColorScheme" (id, "createdAt", "updatedAt", "primary", secondary, "teamId") FROM stdin;
1	2021-04-05 15:41:19.553	2021-04-05 15:41:19.553	#002D62	#FDBB30	1610612754
2	2021-04-05 15:41:19.578	2021-04-05 15:41:19.578	#0C2340	#236192	1610612750
3	2021-04-05 15:41:19.584	2021-04-05 15:41:19.584	#CE1141	#000000	1610612741
4	2021-04-05 15:41:19.589	2021-04-05 15:41:19.589	#CE1141	#000000	1610612761
5	2021-04-05 15:41:19.594	2021-04-05 15:41:19.594	# 002B5C	#E31837	1610612764
6	2021-04-05 15:41:19.601	2021-04-05 15:41:19.601	#C4CED4	#000000	1610612759
7	2021-04-05 15:41:19.607	2021-04-05 15:41:19.607	#5A2D81	#63727A	1610612758
8	2021-04-05 15:41:19.63	2021-04-05 15:41:19.63	#002B5C	#F9A01B	1610612762
9	2021-04-05 15:41:19.635	2021-04-05 15:41:19.635	#98002E	#000000	1610612748
10	2021-04-05 15:41:19.64	2021-04-05 15:41:19.64	#E03A3E	#000000	1610612757
11	2021-04-05 15:41:19.645	2021-04-05 15:41:19.645	#1D1160	#E56020	1610612756
12	2021-04-05 15:41:19.65	2021-04-05 15:41:19.65	#5D76A9	#12173F	1610612763
13	2021-04-05 15:41:19.654	2021-04-05 15:41:19.654	#00471B	#EEE1C6	1610612749
14	2021-04-05 15:41:19.66	2021-04-05 15:41:19.66	#007AC1	#EF3B24	1610612760
15	2021-04-05 15:41:19.682	2021-04-05 15:41:19.682	#006BB6	#D50032	1610612755
16	2021-04-05 15:41:19.687	2021-04-05 15:41:19.687	#006BB6	#F58426	1610612752
17	2021-04-05 15:41:19.692	2021-04-05 15:41:19.692	#0C2340	#C8102E	1610612740
18	2021-04-05 15:41:19.696	2021-04-05 15:41:19.696	#C8102E	#1D428A	1610612746
19	2021-04-05 15:41:19.701	2021-04-05 15:41:19.701	#552583	#FDB927	1610612747
20	2021-04-05 15:41:19.708	2021-04-05 15:41:19.708	#0077C0	#C4CED4	1610612753
21	2021-04-05 15:41:19.73	2021-04-05 15:41:19.73	#1D428A	#FFC72C	1610612744
22	2021-04-05 15:41:19.734	2021-04-05 15:41:19.734	#0E2240	#FEC524	1610612743
23	2021-04-05 15:41:19.739	2021-04-05 15:41:19.739	#C8102E	#1D42BA	1610612765
24	2021-04-05 15:41:19.744	2021-04-05 15:41:19.744	#CE1141	#000000	1610612745
25	2021-04-05 15:41:19.748	2021-04-05 15:41:19.748	#00538C	#B8C4CA	1610612742
26	2021-04-05 15:41:19.753	2021-04-05 15:41:19.753	#000000	#FFFFFF	1610612751
27	2021-04-05 15:41:19.759	2021-04-05 15:41:19.759	#E03A3E	#C1D32F	1610612737
28	2021-04-05 15:41:19.78	2021-04-05 15:41:19.78	#007A33	#BA9653	1610612738
29	2021-04-05 15:41:19.785	2021-04-05 15:41:19.785	#860038	#041E42	1610612739
30	2021-04-05 15:41:19.789	2021-04-05 15:41:19.789	#1D1160	#00788C	1610612766
\.


--
-- Data for Name: Player; Type: TABLE DATA; Schema: public; Owner: postgres
--

COPY public."Player" (id, "createdAt", "updatedAt", handle, name, slug, height, weight, number, "position", "teamId") FROM stdin;
1627759	2021-04-05 15:41:16.947	2021-04-05 15:42:39.007	1627759	Jaylen Brown	jaylen-brown	6-6	223	7	G-F	1610612738
202689	2021-04-05 15:41:16.949	2021-04-05 15:42:39.032	202689	Kemba Walker	kemba-walker	6-0	184	8	G	1610612738
1629684	2021-04-05 15:41:16.952	2021-04-05 15:42:39.053	1629684	Grant Williams	grant-williams	6-6	236	12	F	1610612738
1628400	2021-04-05 15:41:16.954	2021-04-05 15:42:39.132	1628400	Semi Ojeleye	semi-ojeleye	6-6	240	37	F	1610612738
1629641	2021-04-05 15:41:16.957	2021-04-05 15:42:39.158	1629641	Romeo Langford	romeo-langford	6-4	216	45	G-F	1610612738
1629682	2021-04-05 15:41:16.96	2021-04-05 15:42:39.186	1629682	Tremont Waters	tremont-waters	5-10	175	51	G	1610612738
1629605	2021-04-05 15:41:16.979	2021-04-05 15:42:39.204	1629605	Tacko Fall	tacko-fall	7-5	311	99	C	1610612738
201933	2021-04-05 15:41:16.981	2021-04-05 15:42:39.356	201933	Blake Griffin	blake-griffin	6-9	250	2	F	1610612751
201142	2021-04-05 15:41:16.987	2021-04-05 15:42:39.402	201142	Kevin Durant	kevin-durant	6-10	240	7	F	1610612751
1627789	2021-04-05 15:41:16.99	2021-04-05 15:42:39.439	1627789	Timothe Luwawu-Cabarrot	timothe-luwawu-cabarrot	6-7	220	9	G-F	1610612751
202681	2021-04-05 15:41:16.994	2021-04-05 15:42:39.454	202681	Kyrie Irving	kyrie-irving	6-2	195	11	G	1610612751
201935	2021-04-05 15:41:16.997	2021-04-05 15:42:39.499	201935	James Harden	james-harden	6-5	220	13	G	1610612751
1628970	2021-04-05 15:41:16.999	2021-04-05 15:42:39.706	1628970	Miles Bridges	miles-bridges	6-6	225	0	F	1610612766
1628370	2021-04-05 15:41:17.002	2021-04-05 15:42:39.732	1628370	Malik Monk	malik-monk	6-3	200	1	G	1610612766
1626179	2021-04-05 15:41:17.005	2021-04-05 15:42:39.749	1626179	Terry Rozier	terry-rozier	6-1	190	3	G	1610612766
1628984	2021-04-05 15:41:17.008	2021-04-05 15:42:39.756	1628984	Devonte' Graham	devonte-graham	6-1	195	4	G	1610612766
1629667	2021-04-05 15:41:17.012	2021-04-05 15:42:39.784	1629667	Jalen McDaniels	jalen-mcdaniels	6-9	205	6	F-C	1610612766
202687	2021-04-05 15:41:17.03	2021-04-05 15:42:39.804	202687	Bismack Biyombo	bismack-biyombo	6-8	255	8	C	1610612766
202954	2021-04-05 15:41:17.032	2021-04-05 15:42:39.83	202954	Brad Wanamaker	brad-wanamaker	6-3	210	9	G	1610612766
1628998	2021-04-05 15:41:17.035	2021-04-05 15:42:39.849	1628998	Cody Martin	cody-martin	6-5	205	11	F	1610612766
202330	2021-04-05 15:41:17.038	2021-04-05 15:42:39.886	202330	Gordon Hayward	gordon-hayward	6-7	225	20	F	1610612766
203469	2021-04-05 15:41:17.045	2021-04-05 15:42:39.942	203469	Cody Zeller	cody-zeller	6-11	240	40	F-C	1610612766
1629632	2021-04-05 15:41:17.048	2021-04-05 15:42:40.206	1629632	Coby White	coby-white	6-5	195	0	G	1610612741
1628972	2021-04-05 15:41:17.051	2021-04-05 15:42:40.28	1628972	Troy Brown Jr.	troy-brown-jr	6-6	215	7	G-F	1610612741
1629750	2021-04-05 15:41:17.053	2021-04-05 15:42:40.329	1629750	Javonte Green	javonte-green	6-4	205	11	G-F	1610612741
1628464	2021-04-05 15:41:17.056	2021-04-05 15:42:40.383	1628464	Daniel Theis	daniel-theis	6-8	245	27	F-C	1610612741
1629685	2021-04-05 15:41:17.059	2021-04-05 15:42:40.593	1629685	Dylan Windler	dylan-windler	6-6	196	9	G-F	1610612739
1628422	2021-04-05 15:41:17.079	2021-04-05 15:42:40.657	1628422	Damyean Dotson	damyean-dotson	6-5	210	21	G	1610612739
1629731	2021-04-05 15:41:17.082	2021-04-05 15:42:40.705	1629731	Dean Wade	dean-wade	6-9	228	32	F-C	1610612739
204001	2021-04-05 15:41:17.084	2021-04-05 15:42:40.902	204001	Kristaps Porzingis	kristaps-porzingis	7-3	240	6	F-C	1610612742
1628973	2021-04-05 15:41:17.087	2021-04-05 15:42:40.984	1628973	Jalen Brunson	jalen-brunson	6-1	190	13	G	1610612742
200755	2021-04-05 15:41:17.23	2021-04-05 15:42:41.002	200755	JJ Redick	jj-redick	6-3	200	17	G	1610612742
1626161	2021-04-05 15:41:17.232	2021-04-05 15:42:41.009	1626161	Willie Cauley-Stein	willie-cauley-stein	7-0	240	33	C	1610612742
203210	2021-04-05 15:41:17.09	2021-04-05 15:42:41.202	203210	JaMychal Green	jamychal-green	6-8	227	0	F-C	1610612743
1628420	2021-04-05 15:41:17.234	2021-04-05 15:42:41.298	1628420	Monte Morris	monte-morris	6-2	183	11	G	1610612743
1627750	2021-04-05 15:41:17.237	2021-04-05 15:42:41.349	1627750	Jamal Murray	jamal-murray	6-3	215	27	G	1610612743
1628372	2021-04-05 15:41:17.239	2021-04-05 15:42:41.51	1628372	Dennis Smith Jr.	dennis-smith-jr	6-2	205	0	G	1610612765
1629645	2021-04-05 15:41:17.093	2021-04-05 15:42:42.188	1629645	Kevin Porter Jr.	kevin-porter-jr	6-4	203	3	G-F	1610612745
201587	2021-04-05 15:41:17.096	2021-04-05 15:42:42.855	201587	Nicolas Batum	nicolas-batum	6-8	230	33	G-F	1610612746
1630167	2021-04-05 15:41:17.101	2021-04-05 15:42:44.8	1630167	Obi Toppin	obi-toppin	6-9	220	1	F	1610612752
1630193	2021-04-05 15:41:17.103	2021-04-05 15:42:44.843	1630193	Immanuel Quickley	immanuel-quickley	6-3	190	5	G	1610612752
1630177	2021-04-05 15:41:17.105	2021-04-05 15:42:45.15	1630177	Theo Maledon	theo-maledon	6-4	175	11	G	1610612760
1630197	2021-04-05 15:41:17.108	2021-04-05 15:42:45.236	1630197	Aleksej Pokusevski	aleksej-pokusevski	7-0	190	17	C	1610612760
1629676	2021-04-05 15:41:17.111	2021-04-05 15:42:45.245	1629676	Isaiah Roby	isaiah-roby	6-8	230	22	F	1610612760
1628371	2021-04-05 15:41:17.13	2021-04-05 15:42:45.408	1628371	Jonathan Isaac	jonathan-isaac	6-11	230	1	F	1610612753
1629643	2021-04-05 15:41:17.132	2021-04-05 15:42:45.435	1629643	Chuma Okeke	chuma-okeke	6-6	229	3	F	1610612753
1630211	2021-04-05 15:41:17.135	2021-04-05 15:42:45.444	1630211	Karim Mane	karim-mane	6-3	190	4	G	1610612753
1628407	2021-04-05 15:41:17.137	2021-04-05 15:42:45.479	1628407	Dwayne Bacon	dwayne-bacon	6-6	221	8	G-F	1610612753
203516	2021-04-05 15:41:17.14	2021-04-05 15:42:45.487	203516	James Ennis III	james-ennis-iii	6-6	215	11	F	1610612753
1630175	2021-04-05 15:41:17.143	2021-04-05 15:42:45.587	1630175	Cole Anthony	cole-anthony	6-2	185	50	G	1610612753
1630178	2021-04-05 15:41:17.146	2021-04-05 15:42:45.694	1630178	Tyrese Maxey	tyrese-maxey	6-2	200	0	G	1610612755
1630198	2021-04-05 15:41:17.149	2021-04-05 15:42:45.708	1630198	Isaiah Joe	isaiah-joe	6-4	165	7	G	1610612755
1630194	2021-04-05 15:41:17.151	2021-04-05 15:42:45.9	1630194	Paul Reed	paul-reed	6-9	210	44	F	1610612755
1630234	2021-04-05 15:41:17.153	2021-04-05 15:42:45.997	1630234	Ty-Shon Alexander	ty-shon-alexander	6-3	195	0	G	1610612756
1630188	2021-04-05 15:41:17.156	2021-04-05 15:42:46.06	1630188	Jalen Smith	jalen-smith	6-10	215	10	F-C	1610612756
1629604	2021-04-05 15:41:17.179	2021-04-05 15:42:46.385	1629604	CJ Elleby	cj-elleby	6-6	200	16	F-G	1610612757
1626181	2021-04-05 15:41:17.181	2021-04-05 15:42:46.403	1626181	Norman Powell	norman-powell	6-3	215	24	G	1610612757
1630169	2021-04-05 15:41:17.184	2021-04-05 15:42:46.541	1630169	Tyrese Haliburton	tyrese-haliburton	6-5	185	0	G	1610612758
1630186	2021-04-05 15:41:17.186	2021-04-05 15:42:46.548	1630186	Jahmi'us Ramsey	jahmius-ramsey	6-3	190	3	G	1610612758
1630218	2021-04-05 15:41:17.189	2021-04-05 15:42:46.636	1630218	Robert Woodard II	robert-woodard-ii	6-6	235	13	F	1610612758
1630170	2021-04-05 15:41:17.192	2021-04-05 15:42:47.047	1630170	Devin Vassell	devin-vassell	6-5	200	24	G-F	1610612759
1630200	2021-04-05 15:41:17.195	2021-04-05 15:42:47.092	1630200	Tre Jones	tre-jones	6-1	185	33	G	1610612759
1630223	2021-04-05 15:41:17.198	2021-04-05 15:42:47.209	1630223	Jalen Harris	jalen-harris	6-5	195	2	G	1610612761
1630201	2021-04-05 15:41:17.201	2021-04-05 15:42:47.283	1630201	Malachi Flynn	malachi-flynn	6-1	175	8	G	1610612761
1630235	2021-04-05 15:41:17.204	2021-04-05 15:42:47.496	1630235	Trent Forrest	trent-forrest	6-4	210	3	G	1610612762
1628962	2021-04-05 15:41:17.207	2021-04-05 15:42:47.556	1628962	Udoka Azubuike	udoka-azubuike	6-10	280	20	C-F	1610612762
1630190	2021-04-05 15:41:17.211	2021-04-05 15:42:47.61	1630190	Elijah Hughes	elijah-hughes	6-5	215	33	G	1610612762
1628383	2021-04-05 15:41:17.28	2021-04-05 15:41:17.28	1628383	Justin Patton	justin-patton	6-11	241	26	C	\N
1629662	2021-04-05 15:41:17.479	2021-04-05 15:41:17.479	1629662	Mfiondu Kabengele	mfiondu-kabengele	6-9	250	25	F-C	\N
203953	2021-04-05 15:41:17.482	2021-04-05 15:41:17.482	203953	Jabari Parker	jabari-parker	6-8	245	33	F	\N
203939	2021-04-05 15:41:17.486	2021-04-05 15:42:40.91	203939	Dwight Powell	dwight-powell	6-10	240	7	F-C	1610612742
203115	2021-04-05 15:41:17.488	2021-04-05 15:42:41.255	203115	Will Barton	will-barton	6-6	181	5	G	1610612743
1629626	2021-04-05 15:41:17.492	2021-04-05 15:42:41.29	1629626	Bol Bol	bol-bol	7-2	220	10	C-F	1610612743
1629109	2021-04-05 15:41:17.494	2021-04-05 15:42:41.305	1629109	Gary Clark	gary-clark	6-6	225	12	F	1610612743
1628427	2021-04-05 15:41:17.496	2021-04-05 15:42:41.356	1628427	Vlatko Cancar	vlatko-cancar	6-8	236	31	F	1610612743
201580	2021-04-05 15:41:17.499	2021-04-05 15:42:41.382	201580	JaVale McGee	javale-mcgee	7-0	270	34	C-F	1610612743
1628408	2021-04-05 15:41:17.501	2021-04-05 15:42:41.392	1628408	PJ Dozier	pj-dozier	6-6	205	35	G-F	1610612743
203486	2021-04-05 15:41:17.242	2021-04-05 15:42:41.646	203486	Mason Plumlee	mason-plumlee	6-11	254	24	F-C	1610612765
1629076	2021-04-05 15:41:17.245	2021-04-05 15:42:41.655	1629076	Tyler Cook	tyler-cook	6-8	255	25	F	1610612765
1629346	2021-04-05 15:41:17.248	2021-04-05 15:42:41.887	1629346	Alen Smailagic	alen-smailagic	6-10	215	6	F	1610612744
1629672	2021-04-05 15:41:17.251	2021-04-05 15:42:41.898	1629672	Eric Paschall	eric-paschall	6-6	255	7	F	1610612744
1628539	2021-04-05 15:41:17.253	2021-04-05 15:42:41.945	1628539	Mychal Mulder	mychal-mulder	6-3	184	15	G	1610612744
203110	2021-04-05 15:41:17.256	2021-04-05 15:42:41.959	203110	Draymond Green	draymond-green	6-6	230	23	F	1610612744
1629308	2021-04-05 15:41:17.259	2021-04-05 15:42:42.032	1629308	Juan Toscano-Anderson	juan-toscano-anderson	6-6	209	95	F	1610612744
202340	2021-04-05 15:41:17.261	2021-04-05 15:42:42.249	202340	Avery Bradley	avery-bradley	6-3	180	9	G	1610612745
203482	2021-04-05 15:41:17.282	2021-04-05 15:42:42.307	203482	Kelly Olynyk	kelly-olynyk	6-11	240	41	F-C	1610612745
203933	2021-04-05 15:41:17.284	2021-04-05 15:42:42.434	203933	T.J. Warren	tj-warren	6-8	220	1	F	1610612754
1628988	2021-04-05 15:41:17.287	2021-04-05 15:42:42.451	1628988	Aaron Holiday	aaron-holiday	6-0	185	3	G	1610612754
204456	2021-04-05 15:41:17.292	2021-04-05 15:42:42.497	204456	T.J. McConnell	tj-mcconnell	6-1	190	9	G	1610612754
1629048	2021-04-05 15:41:17.295	2021-04-05 15:42:42.605	1629048	Goga Bitadze	goga-bitadze	6-11	250	88	C-F	1610612754
202694	2021-04-05 15:41:17.297	2021-04-05 15:42:42.791	202694	Marcus Morris Sr.	marcus-morris-sr	6-8	218	8	F	1610612746
201976	2021-04-05 15:41:17.3	2021-04-05 15:42:42.847	201976	Patrick Beverley	patrick-beverley	6-1	180	21	G	1610612746
203484	2021-04-05 15:41:17.302	2021-04-05 15:42:43.04	203484	Kentavious Caldwell-Pope	kentavious-caldwell-pope	6-5	204	1	G	1610612747
203083	2021-04-05 15:41:17.305	2021-04-05 15:42:43.048	203083	Andre Drummond	andre-drummond	6-10	279	2	C	1610612747
1629659	2021-04-05 15:41:17.308	2021-04-05 15:42:43.09	1629659	Talen Horton-Tucker	talen-horton-tucker	6-4	234	5	G	1610612747
202083	2021-04-05 15:41:17.31	2021-04-05 15:42:43.097	202083	Wesley Matthews	wesley-matthews	6-4	220	9	G	1610612747
201162	2021-04-05 15:41:17.33	2021-04-05 15:42:43.104	201162	Jared Dudley	jared-dudley	6-6	237	10	F	1610612747
1629719	2021-04-05 15:41:17.332	2021-04-05 15:42:43.11	1629719	Devontae Cacok	devontae-cacok	6-7	240	12	F	1610612747
1628035	2021-04-05 15:41:17.334	2021-04-05 15:42:43.187	1628035	Alfonzo McKinnie	alfonzo-mckinnie	6-7	215	28	F	1610612747
1628961	2021-04-05 15:41:17.337	2021-04-05 15:42:43.196	1628961	Kostas Antetokounmpo	kostas-antetokounmpo	6-10	200	37	F	1610612747
1626159	2021-04-05 15:41:17.339	2021-04-05 15:42:43.384	1626159	Justise Winslow	justise-winslow	6-6	222	7	F-G	1610612763
1629634	2021-04-05 15:41:17.342	2021-04-05 15:42:43.405	1629634	Brandon Clarke	brandon-clarke	6-8	215	15	F	1610612763
1629639	2021-04-05 15:41:17.344	2021-04-05 15:42:43.697	1629639	Tyler Herro	tyler-herro	6-5	195	14	G	1610612748
2738	2021-04-05 15:41:17.348	2021-04-05 15:42:43.741	2738	Andre Iguodala	andre-iguodala	6-6	215	28	G-F	1610612748
1629130	2021-04-05 15:41:17.351	2021-04-05 15:42:43.781	1629130	Duncan Robinson	duncan-robinson	6-7	215	55	F	1610612748
1626171	2021-04-05 15:41:17.353	2021-04-05 15:42:43.936	1626171	Bobby Portis	bobby-portis	6-10	250	9	F	1610612749
200782	2021-04-05 15:41:17.356	2021-04-05 15:42:43.986	200782	P.J. Tucker	pj-tucker	6-5	245	17	F	1610612749
1626192	2021-04-05 15:41:17.359	2021-04-05 15:42:44.008	1626192	Pat Connaughton	pat-connaughton	6-5	209	24	G	1610612749
203507	2021-04-05 15:41:17.361	2021-04-05 15:42:44.044	203507	Giannis Antetokounmpo	giannis-antetokounmpo	6-11	242	34	F	1610612749
1629669	2021-04-05 15:41:17.379	2021-04-05 15:42:44.24	1629669	Jaylen Nowell	jaylen-nowell	6-4	201	4	G	1610612750
1629675	2021-04-05 15:41:17.382	2021-04-05 15:42:44.309	1629675	Naz Reid	naz-reid	6-9	264	11	C-F	1610612750
1628366	2021-04-05 15:41:17.384	2021-04-05 15:42:44.5	1628366	Lonzo Ball	lonzo-ball	6-6	190	2	G	1610612740
1628404	2021-04-05 15:41:17.386	2021-04-05 15:42:44.507	1628404	Josh Hart	josh-hart	6-5	215	3	G	1610612740
202339	2021-04-05 15:41:17.389	2021-04-05 15:42:44.548	202339	Eric Bledsoe	eric-bledsoe	6-1	214	5	G	1610612740
201949	2021-04-05 15:41:17.392	2021-04-05 15:42:44.647	201949	James Johnson	james-johnson	6-7	240	16	F	1610612740
201565	2021-04-05 15:41:17.395	2021-04-05 15:42:44.836	201565	Derrick Rose	derrick-rose	6-2	200	4	G	1610612752
1628373	2021-04-05 15:41:17.397	2021-04-05 15:42:44.886	1628373	Frank Ntilikina	frank-ntilikina	6-4	200	11	G	1610612752
202692	2021-04-05 15:41:17.399	2021-04-05 15:42:44.893	202692	Alec Burks	alec-burks	6-6	214	18	G	1610612752
1629011	2021-04-05 15:41:17.401	2021-04-05 15:42:44.935	1629011	Mitchell Robinson	mitchell-robinson	7-0	240	23	C-F	1610612752
203493	2021-04-05 15:41:17.404	2021-04-05 15:42:44.944	203493	Reggie Bullock	reggie-bullock	6-6	205	25	G-F	1610612752
203944	2021-04-05 15:41:17.406	2021-04-05 15:42:44.95	203944	Julius Randle	julius-randle	6-8	250	30	F-C	1610612752
1629652	2021-04-05 15:41:17.411	2021-04-05 15:42:45.108	1629652	Luguentz Dort	luguentz-dort	6-3	215	5	G	1610612760
1629650	2021-04-05 15:41:17.43	2021-04-05 15:42:45.143	1629650	Moses Brown	moses-brown	7-2	245	9	C	1610612760
203914	2021-04-05 15:41:17.433	2021-04-05 15:42:45.5	203914	Gary Harris	gary-harris	6-4	210	14	G	1610612753
201588	2021-04-05 15:41:17.436	2021-04-05 15:42:45.882	201588	George Hill	george-hill	6-4	188	33	G	1610612755
204038	2021-04-05 15:41:17.439	2021-04-05 15:42:46.01	204038	Langston Galloway	langston-galloway	6-1	200	2	G	1610612756
203496	2021-04-05 15:41:17.442	2021-04-05 15:42:46.397	203496	Robert Covington	robert-covington	6-7	209	23	F	1610612757
201988	2021-04-05 15:41:17.444	2021-04-05 15:42:46.947	201988	Patty Mills	patty-mills	6-1	180	8	G	1610612759
1628384	2021-04-05 15:41:17.446	2021-04-05 15:42:47.237	1628384	OG Anunoby	og-anunoby	6-7	232	3	F	1610612761
1629714	2021-04-05 15:41:17.449	2021-04-05 15:42:47.503	1629714	Jarrell Brantley	jarrell-brantley	6-5	250	5	F	1610612762
1630216	2021-04-05 15:41:17.452	2021-04-05 15:42:47.852	1630216	Cassius Winston	cassius-winston	6-1	185	5	G	1610612764
1630166	2021-04-05 15:41:17.455	2021-04-05 15:42:47.883	1630166	Deni Avdija	deni-avdija	6-9	210	9	F	1610612764
201577	2021-04-05 15:41:17.458	2021-04-05 15:42:47.909	201577	Robin Lopez	robin-lopez	7-0	281	15	C	1610612764
1630264	2021-04-05 15:41:17.46	2021-04-05 15:42:47.937	1630264	Anthony Gill	anthony-gill	6-7	230	16	F	1610612764
1629610	2021-04-05 15:41:17.679	2021-04-05 15:41:17.679	1629610	DaQuan Jeffries	daquan-jeffries	6-5	230	19	G-F	\N
1628390	2021-04-05 15:41:17.733	2021-04-05 15:41:17.733	1628390	Terrance Ferguson	terrance-ferguson	6-6	190	23	G	\N
1626188	2021-04-05 15:41:17.746	2021-04-05 15:41:17.746	1626188	Quinn Cook	quinn-cook	6-1	180	2	G	\N
202696	2021-04-05 15:41:17.739	2021-04-05 15:42:40.306	202696	Nikola Vucevic	nikola-vucevic	6-11	260	9	C	1610612741
203107	2021-04-05 15:41:17.743	2021-04-05 15:42:40.396	203107	Tomas Satoransky	tomas-satoransky	6-7	210	31	G	1610612741
1626224	2021-04-05 15:41:17.748	2021-04-05 15:42:40.642	1626224	Cedi Osman	cedi-osman	6-7	230	16	F	1610612739
1626196	2021-04-05 15:41:17.75	2021-04-05 15:42:40.851	1626196	Josh Richardson	josh-richardson	6-5	200	0	G	1610612742
1629029	2021-04-05 15:41:17.753	2021-04-05 15:42:41.084	1629029	Luka Doncic	luka-doncic	6-7	230	77	F-G	1610612742
1628402	2021-04-05 15:41:17.755	2021-04-05 15:42:41.537	1628402	Frank Jackson	frank-jackson	6-3	205	5	G	1610612765
1628977	2021-04-05 15:41:17.758	2021-04-05 15:42:41.545	1628977	Hamidou Diallo	hamidou-diallo	6-5	202	6	G	1610612765
203924	2021-04-05 15:41:17.778	2021-04-05 15:42:41.588	203924	Jerami Grant	jerami-grant	6-8	210	9	F	1610612765
1626143	2021-04-05 15:41:17.781	2021-04-05 15:42:41.595	1626143	Jahlil Okafor	jahlil-okafor	6-10	270	13	C-F	1610612765
203585	2021-04-05 15:41:17.503	2021-04-05 15:42:41.602	203585	Rodney McGruder	rodney-mcgruder	6-4	205	17	G	1610612765
202709	2021-04-05 15:41:17.783	2021-04-05 15:42:41.61	202709	Cory Joseph	cory-joseph	6-3	200	18	G	1610612765
1628367	2021-04-05 15:41:17.506	2021-04-05 15:42:41.638	1628367	Josh Jackson	josh-jackson	6-8	207	20	G-F	1610612765
1627814	2021-04-05 15:41:17.785	2021-04-05 15:42:41.838	1627814	Damion Lee	damion-lee	6-5	210	1	G-F	1610612744
1626172	2021-04-05 15:41:17.509	2021-04-05 15:42:41.86	1626172	Kevon Looney	kevon-looney	6-9	222	5	F	1610612744
201939	2021-04-05 15:41:17.511	2021-04-05 15:42:41.997	201939	Stephen Curry	stephen-curry	6-3	185	30	G	1610612744
1628425	2021-04-05 15:41:17.529	2021-04-05 15:42:42.139	1628425	Sterling Brown	sterling-brown	6-5	219	0	G-F	1610612745
201571	2021-04-05 15:41:17.532	2021-04-05 15:42:42.282	201571	D.J. Augustin	dj-augustin	5-11	183	14	G	1610612745
1628968	2021-04-05 15:41:17.534	2021-04-05 15:42:42.504	1628968	Brian Bowen II	brian-bowen-ii	6-6	190	10	F-G	1610612754
1626167	2021-04-05 15:41:17.536	2021-04-05 15:42:42.598	1626167	Myles Turner	myles-turner	6-11	250	33	C-F	1610612754
202704	2021-04-05 15:41:17.539	2021-04-05 15:42:42.732	202704	Reggie Jackson	reggie-jackson	6-2	208	1	G	1610612746
202695	2021-04-05 15:41:17.541	2021-04-05 15:42:42.741	202695	Kawhi Leonard	kawhi-leonard	6-7	225	2	F	1610612746
200765	2021-04-05 15:41:17.546	2021-04-05 15:42:42.748	200765	Rajon Rondo	rajon-rondo	6-1	180	4	G	1610612746
1628379	2021-04-05 15:41:17.544	2021-04-05 15:42:42.756	1628379	Luke Kennard	luke-kennard	6-5	206	5	G	1610612746
202331	2021-04-05 15:41:17.548	2021-04-05 15:42:42.83	202331	Paul George	paul-george	6-8	220	13	F	1610612746
202335	2021-04-05 15:41:17.55	2021-04-05 15:42:42.891	202335	Patrick Patterson	patrick-patterson	6-8	235	54	F	1610612746
1627936	2021-04-05 15:41:17.553	2021-04-05 15:42:43.081	1627936	Alex Caruso	alex-caruso	6-4	186	4	G	1610612747
1629630	2021-04-05 15:41:17.556	2021-04-05 15:42:43.392	1629630	Ja Morant	ja-morant	6-3	174	12	G	1610612763
202685	2021-04-05 15:41:17.559	2021-04-05 15:42:43.43	202685	Jonas Valanciunas	jonas-valanciunas	6-11	265	17	C	1610612763
1629723	2021-04-05 15:41:17.561	2021-04-05 15:42:43.498	1629723	John Konchar	john-konchar	6-5	210	46	G	1610612763
2772	2021-04-05 15:41:17.581	2021-04-05 15:42:43.66	2772	Trevor Ariza	trevor-ariza	6-8	215	8	F	1610612748
1629644	2021-04-05 15:41:17.584	2021-04-05 15:42:43.683	1629644	KZ Okpala	kz-okpala	6-8	215	11	F-G	1610612748
201572	2021-04-05 15:41:17.589	2021-04-05 15:42:43.944	201572	Brook Lopez	brook-lopez	7-0	282	11	C	1610612749
1626156	2021-04-05 15:41:17.592	2021-04-05 15:42:44.199	1626156	D'Angelo Russell	dangelo-russell	6-4	193	0	G	1610612750
1629020	2021-04-05 15:41:17.595	2021-04-05 15:42:44.284	1629020	Jarred Vanderbilt	jarred-vanderbilt	6-9	214	8	F	1610612750
1627742	2021-04-05 15:41:17.597	2021-04-05 15:42:44.64	1627742	Brandon Ingram	brandon-ingram	6-8	190	14	F	1610612740
203901	2021-04-05 15:41:17.599	2021-04-05 15:42:44.852	203901	Elfrid Payton	elfrid-payton	6-3	195	6	G	1610612752
201959	2021-04-05 15:41:17.601	2021-04-05 15:42:44.986	201959	Taj Gibson	taj-gibson	6-9	232	67	F	1610612752
1629660	2021-04-05 15:41:17.604	2021-04-05 15:42:45.208	1629660	Ty Jerome	ty-jerome	6-5	195	16	G-F	1610612760
203488	2021-04-05 15:41:17.607	2021-04-05 15:42:45.252	203488	Mike Muscala	mike-muscala	6-10	240	33	F-C	1610612760
201143	2021-04-05 15:41:17.61	2021-04-05 15:42:45.287	201143	Al Horford	al-horford	6-9	240	42	C-F	1610612760
1628382	2021-04-05 15:41:17.629	2021-04-05 15:42:45.294	1628382	Justin Jackson	justin-jackson	6-8	220	44	F	1610612760
1628964	2021-04-05 15:41:17.632	2021-04-05 15:42:45.45	1628964	Mo Bamba	mo-bamba	7-0	231	5	C	1610612753
1628365	2021-04-05 15:41:17.634	2021-04-05 15:42:45.507	1628365	Markelle Fultz	markelle-fultz	6-3	209	20	G	1610612753
203920	2021-04-05 15:41:17.636	2021-04-05 15:42:45.541	203920	Khem Birch	khem-birch	6-9	233	24	C	1610612753
203082	2021-04-05 15:41:17.639	2021-04-05 15:42:45.554	203082	Terrence Ross	terrence-ross	6-6	206	31	G-F	1610612753
1627788	2021-04-05 15:41:17.642	2021-04-05 15:42:45.848	1627788	Furkan Korkmaz	furkan-korkmaz	6-7	202	30	G-F	1610612755
1628975	2021-04-05 15:41:17.644	2021-04-05 15:42:46.045	1628975	Jevon Carter	jevon-carter	6-1	200	4	G	1610612756
1629661	2021-04-05 15:41:17.649	2021-04-05 15:42:46.144	1629661	Cameron Johnson	cameron-johnson	6-8	210	23	F	1610612756
1629642	2021-04-05 15:41:17.651	2021-04-05 15:42:46.355	1629642	Nassir Little	nassir-little	6-5	220	9	F-G	1610612757
203994	2021-04-05 15:41:17.655	2021-04-05 15:42:46.409	203994	Jusuf Nurkic	jusuf-nurkic	6-11	290	27	C	1610612757
1628368	2021-04-05 15:41:17.657	2021-04-05 15:42:46.556	1628368	De'Aaron Fox	deaaron-fox	6-3	185	5	G	1610612758
203090	2021-04-05 15:41:17.66	2021-04-05 15:42:46.592	203090	Maurice Harkless	maurice-harkless	6-7	220	8	F-G	1610612758
202355	2021-04-05 15:41:17.681	2021-04-05 15:42:46.644	202355	Hassan Whiteside	hassan-whiteside	7-0	265	20	C	1610612758
1626158	2021-04-05 15:41:17.683	2021-04-05 15:42:46.651	1626158	Richaun Holmes	richaun-holmes	6-10	235	22	F	1610612758
1629234	2021-04-05 15:41:17.686	2021-04-05 15:42:46.993	1629234	Drew Eubanks	drew-eubanks	6-9	245	14	F-C	1610612759
200752	2021-04-05 15:41:17.688	2021-04-05 15:42:47.039	200752	Rudy Gay	rudy-gay	6-8	250	22	F-G	1610612759
1629139	2021-04-05 15:41:17.692	2021-04-05 15:42:47.29	1629139	Yuta Watanabe	yuta-watanabe	6-9	215	18	G-F	1610612761
1627832	2021-04-05 15:41:17.694	2021-04-05 15:42:47.304	1627832	Fred VanVleet	fred-vanvleet	6-1	197	23	G	1610612761
1627783	2021-04-05 15:41:17.697	2021-04-05 15:42:47.351	1627783	Pascal Siakam	pascal-siakam	6-9	230	43	F	1610612761
101141	2021-04-05 15:41:17.699	2021-04-05 15:42:47.51	101141	Ersan Ilyasova	ersan-ilyasova	6-9	235	7	F	1610612762
1629752	2021-04-05 15:41:17.702	2021-04-05 15:42:47.549	1629752	Juwan Morgan	juwan-morgan	6-7	232	16	F	1610612762
203497	2021-04-05 15:41:17.704	2021-04-05 15:42:47.597	203497	Rudy Gobert	rudy-gobert	7-1	258	27	C	1610612762
1629060	2021-04-05 15:41:17.707	2021-04-05 15:42:47.859	1629060	Rui Hachimura	rui-hachimura	6-8	230	8	F	1610612764
1629726	2021-04-05 15:41:17.73	2021-04-05 15:42:47.987	1629726	Garrison Mathews	garrison-mathews	6-5	215	24	G	1610612764
1629631	2021-04-05 15:41:17.986	2021-04-05 15:42:38.73	1629631	De'Andre Hunter	deandre-hunter	6-8	225	12	F-G	1610612737
203992	2021-04-05 15:41:17.988	2021-04-05 15:42:38.741	203992	Bogdan Bogdanovic	bogdan-bogdanovic	6-6	220	13	G	1610612737
203991	2021-04-05 15:41:17.99	2021-04-05 15:42:38.749	203991	Clint Capela	clint-capela	6-10	240	15	C	1610612737
1630168	2021-04-05 15:41:17.993	2021-04-05 15:42:38.757	1630168	Onyeka Okongwu	onyeka-okongwu	6-8	235	17	F-C	1610612737
1628381	2021-04-05 15:41:17.995	2021-04-05 15:42:38.805	1628381	John Collins	john-collins	6-9	235	20	F-C	1610612737
1629629	2021-04-05 15:41:17.997	2021-04-05 15:42:38.834	1629629	Cam Reddish	cam-reddish	6-8	218	22	F-G	1610612737
1629035	2021-04-05 15:41:17.999	2021-04-05 15:42:38.999	1629035	Carsen Edwards	carsen-edwards	5-11	200	4	G	1610612738
1630202	2021-04-05 15:41:18.001	2021-04-05 15:42:39.044	1630202	Payton Pritchard	payton-pritchard	6-1	195	11	G	1610612738
1630174	2021-04-05 15:41:18.003	2021-04-05 15:42:39.099	1630174	Aaron Nesmith	aaron-nesmith	6-5	215	26	G-F	1610612738
203935	2021-04-05 15:41:18.006	2021-04-05 15:42:39.106	203935	Marcus Smart	marcus-smart	6-3	220	36	G	1610612738
204020	2021-04-05 15:41:18.011	2021-04-05 15:42:39.447	204020	Tyler Johnson	tyler-johnson	6-3	186	10	G	1610612751
203925	2021-04-05 15:41:18.03	2021-04-05 15:42:39.481	203925	Joe Harris	joe-harris	6-6	220	12	G-F	1610612751
203915	2021-04-05 15:41:18.033	2021-04-05 15:42:39.542	203915	Spencer Dinwiddie	spencer-dinwiddie	6-5	215	26	G	1610612751
1629651	2021-04-05 15:41:18.036	2021-04-05 15:42:39.549	1629651	Nicolas Claxton	nicolas-claxton	6-11	215	33	F-C	1610612751
1629740	2021-04-05 15:41:18.04	2021-04-05 15:42:41.049	1629740	Nicolo Melli	nicolo-melli	6-9	236	44	F	1610612742
1629008	2021-04-05 15:41:18.043	2021-04-05 15:42:41.209	1629008	Michael Porter Jr.	michael-porter-jr	6-10	218	1	F	1610612743
200794	2021-04-05 15:41:18.045	2021-04-05 15:42:41.246	200794	Paul Millsap	paul-millsap	6-7	257	4	F	1610612743
203932	2021-04-05 15:41:18.047	2021-04-05 15:42:41.399	203932	Aaron Gordon	aaron-gordon	6-8	235	50	F	1610612743
203957	2021-04-05 15:41:17.792	2021-04-05 15:42:42.205	203957	Dante Exum	dante-exum	6-5	214	5	G	1610612745
1628410	2021-04-05 15:41:17.794	2021-04-05 15:42:42.458	1628410	Edmond Sumner	edmond-sumner	6-4	196	5	G	1610612754
203087	2021-04-05 15:41:17.796	2021-04-05 15:42:42.591	203087	Jeremy Lamb	jeremy-lamb	6-5	180	26	G-F	1610612754
1629599	2021-04-05 15:41:17.799	2021-04-05 15:42:42.782	1629599	Amir Coffey	amir-coffey	6-7	210	7	G-F	1610612746
2544	2021-04-05 15:41:17.804	2021-04-05 15:42:43.159	2544	LeBron James	lebron-james	6-9	250	23	F	1610612747
1629001	2021-04-05 15:41:17.806	2021-04-05 15:42:43.332	1629001	De'Anthony Melton	deanthony-melton	6-2	200	0	G	1610612763
203937	2021-04-05 15:41:17.809	2021-04-05 15:42:43.34	203937	Kyle Anderson	kyle-anderson	6-9	230	1	F-G	1610612763
1628960	2021-04-05 15:41:17.812	2021-04-05 15:42:43.354	1628960	Grayson Allen	grayson-allen	6-4	198	3	G	1610612763
1628991	2021-04-05 15:41:17.83	2021-04-05 15:42:43.399	1628991	Jaren Jackson Jr.	jaren-jackson-jr	6-11	242	13	F-C	1610612763
1629216	2021-04-05 15:41:17.832	2021-04-05 15:42:43.631	1629216	Gabe Vincent	gabe-vincent	6-3	200	2	G	1610612748
202710	2021-04-05 15:41:17.834	2021-04-05 15:42:43.706	202710	Jimmy Butler	jimmy-butler	6-7	230	22	F	1610612748
203114	2021-04-05 15:41:17.836	2021-04-05 15:42:44.001	203114	Khris Middleton	khris-middleton	6-7	222	22	F	1610612749
201937	2021-04-05 15:41:17.838	2021-04-05 15:42:44.294	201937	Ricky Rubio	ricky-rubio	6-3	190	9	G	1610612750
1627823	2021-04-05 15:41:17.841	2021-04-05 15:42:44.387	1627823	Juancho Hernangomez	juancho-hernangomez	6-9	214	41	F	1610612750
1629627	2021-04-05 15:41:17.844	2021-04-05 15:42:44.493	1629627	Zion Williamson	zion-williamson	6-7	284	1	F	1610612740
1629637	2021-04-05 15:41:17.846	2021-04-05 15:42:44.599	1629637	Jaxson Hayes	jaxson-hayes	6-11	220	10	C-F	1610612740
203500	2021-04-05 15:41:17.848	2021-04-05 15:42:44.606	203500	Steven Adams	steven-adams	6-11	265	12	C	1610612740
203457	2021-04-05 15:41:17.85	2021-04-05 15:42:44.808	203457	Nerlens Noel	nerlens-noel	6-11	220	3	C-F	1610612752
1629628	2021-04-05 15:41:17.852	2021-04-05 15:42:44.859	1629628	RJ Barrett	rj-barrett	6-6	214	9	F-G	1610612752
203121	2021-04-05 15:41:17.857	2021-04-05 15:42:45.158	203121	Darius Miller	darius-miller	6-6	225	12	F	1610612760
202699	2021-04-05 15:41:17.861	2021-04-05 15:42:45.753	202699	Tobias Harris	tobias-harris	6-8	226	12	F	1610612755
1629649	2021-04-05 15:41:17.879	2021-04-05 15:42:45.79	1629649	Ignas Brazdeikis	ignas-brazdeikis	6-6	221	17	F	1610612755
1629003	2021-04-05 15:41:17.882	2021-04-05 15:42:45.798	1629003	Shake Milton	shake-milton	6-5	205	18	G-F	1610612755
203954	2021-04-05 15:41:17.885	2021-04-05 15:42:45.805	203954	Joel Embiid	joel-embiid	7-0	280	21	C-F	1610612755
2730	2021-04-05 15:41:17.888	2021-04-05 15:42:45.893	2730	Dwight Howard	dwight-howard	6-10	265	39	C-F	1610612755
1626163	2021-04-05 15:41:17.89	2021-04-05 15:42:46.052	1626163	Frank Kaminsky	frank-kaminsky	7-0	240	8	F-C	1610612756
1627846	2021-04-05 15:41:17.893	2021-04-05 15:42:46.087	1627846	Abdel Nader	abdel-nader	6-5	225	11	F	1610612756
1626166	2021-04-05 15:41:17.896	2021-04-05 15:42:46.101	1626166	Cameron Payne	cameron-payne	6-1	183	15	G	1610612756
203967	2021-04-05 15:41:17.898	2021-04-05 15:42:46.108	203967	Dario Saric	dario-saric	6-10	225	20	F-C	1610612756
202734	2021-04-05 15:41:17.901	2021-04-05 15:42:46.16	202734	E'Twaun Moore	etwaun-moore	6-3	191	55	G	1610612756
203109	2021-04-05 15:41:17.904	2021-04-05 15:42:46.187	203109	Jae Crowder	jae-crowder	6-6	235	99	F	1610612756
203081	2021-04-05 15:41:17.907	2021-04-05 15:42:46.287	203081	Damian Lillard	damian-lillard	6-2	195	0	G	1610612757
203468	2021-04-05 15:41:17.909	2021-04-05 15:42:46.329	203468	CJ McCollum	cj-mccollum	6-3	190	3	G	1610612757
1627884	2021-04-05 15:41:17.929	2021-04-05 15:42:46.348	1627884	Derrick Jones Jr.	derrick-jones-jr	6-5	210	5	F	1610612757
1628380	2021-04-05 15:41:17.932	2021-04-05 15:42:46.437	1628380	Zach Collins	zach-collins	6-11	250	33	F-C	1610612757
1629657	2021-04-05 15:41:17.934	2021-04-05 15:42:46.582	1629657	Kyle Guy	kyle-guy	6-1	167	7	G	1610612758
1627741	2021-04-05 15:41:17.936	2021-04-05 15:42:46.659	1627741	Buddy Hield	buddy-hield	6-4	220	24	G	1610612758
1629002	2021-04-05 15:41:17.938	2021-04-05 15:42:46.686	1629002	Chimezie Metu	chimezie-metu	6-9	225	25	F-C	1610612758
1626153	2021-04-05 15:41:17.941	2021-04-05 15:42:46.737	1626153	Delon Wright	delon-wright	6-5	185	55	G	1610612758
1628401	2021-04-05 15:41:17.944	2021-04-05 15:42:46.931	1628401	Derrick White	derrick-white	6-4	190	4	G	1610612759
1629683	2021-04-05 15:41:17.946	2021-04-05 15:42:47.001	1629683	Quinndary Weatherspoon	quinndary-weatherspoon	6-3	205	15	G	1610612759
1628966	2021-04-05 15:41:17.948	2021-04-05 15:42:47.083	1628966	Keita Bates-Diop	keita-bates-diop	6-8	229	31	F	1610612759
1626168	2021-04-05 15:41:17.95	2021-04-05 15:42:47.099	1626168	Trey Lyles	trey-lyles	6-9	234	41	F	1610612759
1626169	2021-04-05 15:41:17.953	2021-04-05 15:42:47.245	1626169	Stanley Johnson	stanley-johnson	6-6	242	5	F-G	1610612761
203918	2021-04-05 15:41:17.955	2021-04-05 15:42:47.337	203918	Rodney Hood	rodney-hood	6-8	208	32	G-F	1610612761
1629018	2021-04-05 15:41:17.958	2021-04-05 15:42:47.344	1629018	Gary Trent Jr.	gary-trent-jr	6-5	209	33	G-F	1610612761
1629671	2021-04-05 15:41:17.979	2021-04-05 15:42:47.651	1629671	Miye Oni	miye-oni	6-5	206	81	G-F	1610612762
203526	2021-04-05 15:41:17.982	2021-04-05 15:42:47.952	203526	Raul Neto	raul-neto	6-1	180	19	G	1610612764
203463	2021-04-05 15:41:18.082	2021-04-05 15:41:18.082	203463	Ben McLemore	ben-mclemore	6-3	195	16	G	\N
203524	2021-04-05 15:41:18.229	2021-04-05 15:42:38.787	203524	Solomon Hill	solomon-hill	6-6	226	18	F	1610612737
202684	2021-04-05 15:41:18.232	2021-04-05 15:42:39.061	202684	Tristan Thompson	tristan-thompson	6-9	254	13	C-F	1610612738
1628436	2021-04-05 15:41:18.234	2021-04-05 15:42:39.142	1628436	Luke Kornet	luke-kornet	7-2	250	40	F-C	1610612738
203095	2021-04-05 15:41:18.236	2021-04-05 15:42:39.195	203095	Evan Fournier	evan-fournier	6-7	205	94	G-F	1610612738
1629617	2021-04-05 15:41:18.238	2021-04-05 15:42:39.34	1629617	Reggie Perry	reggie-perry	6-8	250	0	F-C	1610612751
1630163	2021-04-05 15:41:18.241	2021-04-05 15:42:39.742	1630163	LaMelo Ball	lamelo-ball	6-6	180	2	G	1610612766
1630203	2021-04-05 15:41:18.244	2021-04-05 15:42:39.795	1630203	Grant Riller	grant-riller	6-2	190	7	G	1610612766
1630268	2021-04-05 15:41:18.249	2021-04-05 15:42:39.931	1630268	Nate Darling	nate-darling	6-6	200	30	G	1610612766
1629653	2021-04-05 15:41:18.251	2021-04-05 15:42:40.233	1629653	Devon Dotson	devon-dotson	6-2	185	3	G	1610612741
1626245	2021-04-05 15:41:18.254	2021-04-05 15:42:40.253	1626245	Cristiano Felicio	cristiano-felicio	6-11	270	6	F-C	1610612741
203897	2021-04-05 15:41:18.257	2021-04-05 15:42:40.29	203897	Zach LaVine	zach-lavine	6-5	200	8	G-F	1610612741
202066	2021-04-05 15:41:18.26	2021-04-05 15:42:40.337	202066	Garrett Temple	garrett-temple	6-5	195	17	G-F	1610612741
201152	2021-04-05 15:41:18.279	2021-04-05 15:42:40.352	201152	Thaddeus Young	thaddeus-young	6-8	235	21	F	1610612741
1628374	2021-04-05 15:41:18.281	2021-04-05 15:42:40.359	1628374	Lauri Markkanen	lauri-markkanen	7-0	240	24	F-C	1610612741
1630172	2021-04-05 15:41:18.283	2021-04-05 15:42:40.403	1630172	Patrick Williams	patrick-williams	6-7	215	44	F	1610612741
1627853	2021-04-05 15:41:18.285	2021-04-05 15:42:40.436	1627853	Ryan Arcidiacono	ryan-arcidiacono	6-3	195	51	G	1610612741
1630205	2021-04-05 15:41:18.287	2021-04-05 15:42:40.585	1630205	Lamar Stevens	lamar-stevens	6-6	230	8	F	1610612739
1629636	2021-04-05 15:41:18.29	2021-04-05 15:42:40.602	1629636	Darius Garland	darius-garland	6-1	192	10	G	1610612739
1627752	2021-04-05 15:41:18.292	2021-04-05 15:42:40.629	1627752	Taurean Prince	taurean-prince	6-7	218	12	F	1610612739
1628386	2021-04-05 15:41:18.296	2021-04-05 15:42:40.698	1628386	Jarrett Allen	jarrett-allen	6-11	243	31	C	1610612739
1630271	2021-04-05 15:41:18.298	2021-04-05 15:42:40.732	1630271	Brodric Thomas	brodric-thomas	6-5	185	33	G	1610612739
201961	2021-04-05 15:41:18.049	2021-04-05 15:42:41.559	201961	Wayne Ellington	wayne-ellington	6-4	207	8	G	1610612765
1629673	2021-04-05 15:41:18.051	2021-04-05 15:42:41.853	1629673	Jordan Poole	jordan-poole	6-4	194	3	G	1610612744
202691	2021-04-05 15:41:18.054	2021-04-05 15:42:41.906	202691	Klay Thompson	klay-thompson	6-6	215	11	G	1610612744
203952	2021-04-05 15:41:18.056	2021-04-05 15:42:41.952	203952	Andrew Wiggins	andrew-wiggins	6-7	197	22	F	1610612744
1628391	2021-04-05 15:41:18.059	2021-04-05 15:42:42.147	1628391	D.J. Wilson	dj-wilson	6-10	231	00	F	1610612745
1628021	2021-04-05 15:41:18.061	2021-04-05 15:42:42.161	1628021	David Nwaba	david-nwaba	6-5	219	2	G-F	1610612745
201569	2021-04-05 15:41:18.079	2021-04-05 15:42:42.257	201569	Eric Gordon	eric-gordon	6-3	215	10	G	1610612745
1627734	2021-04-05 15:41:18.084	2021-04-05 15:42:42.536	1627734	Domantas Sabonis	domantas-sabonis	6-11	240	11	F-C	1610612754
203960	2021-04-05 15:41:18.086	2021-04-05 15:42:42.544	203960	JaKarr Sampson	jakarr-sampson	6-7	214	14	F	1610612754
203926	2021-04-05 15:41:18.088	2021-04-05 15:42:42.551	203926	Doug McDermott	doug-mcdermott	6-7	225	20	F	1610612754
1629103	2021-04-05 15:41:18.091	2021-04-05 15:42:42.557	1629103	Kelan Martin	kelan-martin	6-5	230	21	F	1610612754
1629611	2021-04-05 15:41:18.093	2021-04-05 15:42:42.84	1629611	Terance Mann	terance-mann	6-5	215	14	G-F	1610612746
1627826	2021-04-05 15:41:18.096	2021-04-05 15:42:42.882	1627826	Ivica Zubac	ivica-zubac	7-0	240	40	C	1610612746
203076	2021-04-05 15:41:18.098	2021-04-05 15:42:43.055	203076	Anthony Davis	anthony-davis	6-10	253	3	F-C	1610612747
1629007	2021-04-05 15:41:18.1	2021-04-05 15:42:43.361	1629007	Jontay Porter	jontay-porter	6-11	240	4	C-F	1610612763
203506	2021-04-05 15:41:18.102	2021-04-05 15:42:43.64	203506	Victor Oladipo	victor-oladipo	6-4	213	4	G	1610612748
2617	2021-04-05 15:41:18.104	2021-04-05 15:42:43.755	2617	Udonis Haslem	udonis-haslem	6-8	235	40	F	1610612748
201952	2021-04-05 15:41:18.209	2021-04-05 15:42:44.059	201952	Jeff Teague	jeff-teague	6-3	195	55	G	1610612749
1627736	2021-04-05 15:41:18.109	2021-04-05 15:42:44.248	1627736	Malik Beasley	malik-beasley	6-4	187	5	G	1610612750
1629162	2021-04-05 15:41:18.111	2021-04-05 15:42:44.255	1629162	Jordan McLaughlin	jordan-mclaughlin	5-11	185	6	G	1610612750
202334	2021-04-05 15:41:18.129	2021-04-05 15:42:44.337	202334	Ed Davis	ed-davis	6-9	218	17	C-F	1610612750
1629006	2021-04-05 15:41:18.132	2021-04-05 15:42:44.345	1629006	Josh Okogie	josh-okogie	6-4	213	20	G	1610612750
1629117	2021-04-05 15:41:18.133	2021-04-05 15:42:44.66	1629117	Wenyen Gabriel	wenyen-gabriel	6-9	205	32	F	1610612740
1628995	2021-04-05 15:41:18.135	2021-04-05 15:42:44.901	1628995	Kevin Knox II	kevin-knox-ii	6-7	215	20	F	1610612752
1629647	2021-04-05 15:41:18.138	2021-04-05 15:42:45.135	1629647	Darius Bazley	darius-bazley	6-8	208	7	F-G	1610612760
1628396	2021-04-05 15:41:18.14	2021-04-05 15:42:45.186	1628396	Tony Bradley	tony-bradley	6-10	248	13	C-F	1610612760
1629026	2021-04-05 15:41:18.143	2021-04-05 15:42:45.259	1629026	Kenrich Williams	kenrich-williams	6-6	210	34	G-F	1610612760
203118	2021-04-05 15:41:18.145	2021-04-05 15:42:45.701	203118	Mike Scott	mike-scott	6-7	237	1	F	1610612755
201980	2021-04-05 15:41:18.148	2021-04-05 15:42:45.779	201980	Danny Green	danny-green	6-6	215	14	G	1610612755
1629680	2021-04-05 15:41:18.15	2021-04-05 15:42:45.832	1629680	Matisse Thybulle	matisse-thybulle	6-5	201	22	G-F	1610612755
1627732	2021-04-05 15:41:18.152	2021-04-05 15:42:45.841	1627732	Ben Simmons	ben-simmons	6-11	240	25	G-F	1610612755
203552	2021-04-05 15:41:18.155	2021-04-05 15:42:45.855	203552	Seth Curry	seth-curry	6-2	185	31	G	1610612755
1626164	2021-04-05 15:41:18.157	2021-04-05 15:42:46.004	1626164	Devin Booker	devin-booker	6-5	206	1	G	1610612756
101108	2021-04-05 15:41:18.16	2021-04-05 15:42:46.037	101108	Chris Paul	chris-paul	6-0	175	3	G	1610612756
1629713	2021-04-05 15:41:18.18	2021-04-05 15:42:46.609	1629713	Justin James	justin-james	6-7	190	10	G-F	1610612758
1629735	2021-04-05 15:41:18.182	2021-04-05 15:42:46.693	1629735	Chris Silva	chris-silva	6-8	234	30	F	1610612758
1629640	2021-04-05 15:41:18.184	2021-04-05 15:42:46.905	1629640	Keldon Johnson	keldon-johnson	6-5	220	3	F-G	1610612759
1627749	2021-04-05 15:41:18.186	2021-04-05 15:42:46.94	1627749	Dejounte Murray	dejounte-murray	6-4	180	5	G	1610612759
1629677	2021-04-05 15:41:18.191	2021-04-05 15:42:47.009	1629677	Luka Samanic	luka-samanic	6-10	227	19	F	1610612759
1628778	2021-04-05 15:41:18.193	2021-04-05 15:42:47.201	1628778	Paul Watson	paul-watson	6-6	210	1	G	1610612761
200768	2021-04-05 15:41:18.196	2021-04-05 15:42:47.258	200768	Kyle Lowry	kyle-lowry	6-0	196	7	G	1610612761
203382	2021-04-05 15:41:18.198	2021-04-05 15:42:47.358	203382	Aron Baynes	aron-baynes	6-10	260	46	C-F	1610612761
203903	2021-04-05 15:41:18.2	2021-04-05 15:42:47.481	203903	Jordan Clarkson	jordan-clarkson	6-4	194	00	G	1610612762
1629744	2021-04-05 15:41:18.203	2021-04-05 15:42:47.582	1629744	Matt Thomas	matt-thomas	6-4	190	21	G	1610612762
201566	2021-04-05 15:41:18.206	2021-04-05 15:42:47.845	201566	Russell Westbrook	russell-westbrook	6-3	200	4	G	1610612764
203085	2021-04-05 15:41:18.446	2021-04-05 15:41:18.446	203085	Austin Rivers	austin-rivers	6-4	200	8	G	\N
1627737	2021-04-05 15:41:18.449	2021-04-05 15:41:18.449	1627737	Marquese Chriss	marquese-chriss	6-9	240	32	F	\N
1629738	2021-04-05 15:41:18.451	2021-04-05 15:41:18.451	1629738	Vincent Poirier	vincent-poirier	7-0	235	17	C-F	\N
1630233	2021-04-05 15:41:18.458	2021-04-05 15:42:38.64	1630233	Nathan Knight	nathan-knight	6-10	253	1	F-C	1610612737
1628989	2021-04-05 15:41:18.48	2021-04-05 15:42:38.649	1628989	Kevin Huerter	kevin-huerter	6-7	190	3	G-F	1610612737
1630219	2021-04-05 15:41:18.482	2021-04-05 15:42:38.659	1630219	Skylar Mays	skylar-mays	6-4	205	4	G	1610612737
101150	2021-04-05 15:41:18.485	2021-04-05 15:42:38.684	101150	Lou Williams	lou-williams	6-1	175	6	G	1610612737
203503	2021-04-05 15:41:18.461	2021-04-05 15:42:38.796	203503	Tony Snell	tony-snell	6-6	213	19	G	1610612737
1628981	2021-04-05 15:41:18.453	2021-04-05 15:42:38.846	1628981	Bruno Fernando	bruno-fernando	6-9	240	24	F-C	1610612737
1628369	2021-04-05 15:41:18.49	2021-04-05 15:42:38.991	1628369	Jayson Tatum	jayson-tatum	6-8	210	0	F-G	1610612738
1629021	2021-04-05 15:41:18.487	2021-04-05 15:42:39.09	1629021	Moritz Wagner	moritz-wagner	6-11	245	20	F-C	1610612738
1629057	2021-04-05 15:41:18.494	2021-04-05 15:42:39.15	1629057	Robert Williams III	robert-williams-iii	6-8	237	44	C-F	1610612738
1628971	2021-04-05 15:41:18.5	2021-04-05 15:42:39.349	1628971	Bruce Brown	bruce-brown	6-4	202	1	G-F	1610612751
201145	2021-04-05 15:41:18.497	2021-04-05 15:42:39.41	201145	Jeff Green	jeff-green	6-8	235	8	F	1610612751
200746	2021-04-05 15:41:18.502	2021-04-05 15:42:39.492	200746	LaMarcus Aldridge	lamarcus-aldridge	6-11	250	12	C-F	1610612751
1629013	2021-04-05 15:41:18.504	2021-04-05 15:42:39.507	1629013	Landry Shamet	landry-shamet	6-4	190	20	G	1610612751
1628997	2021-04-05 15:41:18.507	2021-04-05 15:42:39.841	1628997	Caleb Martin	caleb-martin	6-5	205	10	F	1610612766
1630176	2021-04-05 15:41:18.509	2021-04-05 15:42:39.896	1630176	Vernon Carey Jr.	vernon-carey-jr	6-9	270	22	F-C	1610612766
1629690	2021-04-05 15:41:18.532	2021-04-05 15:42:40.344	1629690	Adam Mokoka	adam-mokoka	6-4	190	20	G	1610612741
1627756	2021-04-05 15:41:18.534	2021-04-05 15:42:40.409	1627756	Denzel Valentine	denzel-valentine	6-4	220	45	G	1610612741
201567	2021-04-05 15:41:18.511	2021-04-05 15:42:40.551	201567	Kevin Love	kevin-love	6-8	251	0	F-C	1610612739
1629012	2021-04-05 15:41:18.536	2021-04-05 15:42:40.559	1629012	Collin Sexton	collin-sexton	6-1	190	2	G	1610612739
1628392	2021-04-05 15:41:18.538	2021-04-05 15:42:40.69	1628392	Isaiah Hartenstein	isaiah-hartenstein	7-0	250	25	C-F	1610612739
1630171	2021-04-05 15:41:18.301	2021-04-05 15:42:40.741	1630171	Isaac Okoro	isaac-okoro	6-5	225	35	F-G	1610612739
1630179	2021-04-05 15:41:18.303	2021-04-05 15:42:40.858	1630179	Tyrell Terry	tyrell-terry	6-2	160	1	G	1610612742
1630189	2021-04-05 15:41:18.306	2021-04-05 15:42:40.887	1630189	Tyler Bey	tyler-bey	6-7	215	2	F	1610612742
203504	2021-04-05 15:41:18.309	2021-04-05 15:42:40.894	203504	Trey Burke	trey-burke	6-0	185	3	G	1610612742
1630182	2021-04-05 15:41:18.311	2021-04-05 15:42:40.94	1630182	Josh Green	josh-green	6-5	200	8	G	1610612742
1627827	2021-04-05 15:41:18.329	2021-04-05 15:42:40.948	1627827	Dorian Finney-Smith	dorian-finney-smith	6-7	220	10	F	1610612742
203501	2021-04-05 15:41:18.332	2021-04-05 15:42:40.956	203501	Tim Hardaway Jr.	tim-hardaway-jr	6-5	205	11	G-F	1610612742
1630207	2021-04-05 15:41:18.333	2021-04-05 15:42:40.994	1630207	Nate Hinton	nate-hinton	6-5	210	14	G-F	1610612742
1628467	2021-04-05 15:41:18.336	2021-04-05 15:42:41.04	1628467	Maxi Kleber	maxi-kleber	6-10	240	42	F	1610612742
1630210	2021-04-05 15:41:18.341	2021-04-05 15:42:41.194	1630210	Markus Howard	markus-howard	5-10	175	00	G	1610612743
204222	2021-04-05 15:41:18.343	2021-04-05 15:42:41.237	204222	Greg Whittington	greg-whittington	6-8	210	3	F	1610612743
1630267	2021-04-05 15:41:18.345	2021-04-05 15:42:41.281	1630267	Facundo Campazzo	facundo-campazzo	5-10	195	7	G	1610612743
1630192	2021-04-05 15:41:18.348	2021-04-05 15:42:41.341	1630192	Zeke Nnaji	zeke-nnaji	6-9	240	22	F-C	1610612743
1630165	2021-04-05 15:41:18.35	2021-04-05 15:42:41.552	1630165	Killian Hayes	killian-hayes	6-5	195	7	G	1610612765
1630191	2021-04-05 15:41:18.352	2021-04-05 15:42:41.682	1630191	Isaiah Stewart	isaiah-stewart	6-8	250	28	F-C	1610612765
1630240	2021-04-05 15:41:18.354	2021-04-05 15:42:41.691	1630240	Saben Lee	saben-lee	6-2	183	38	G	1610612765
1630180	2021-04-05 15:41:18.54	2021-04-05 15:42:41.698	1630180	Saddiq Bey	saddiq-bey	6-7	215	41	F	1610612765
1629686	2021-04-05 15:41:18.543	2021-04-05 15:42:41.731	1629686	Deividas Sirvydis	deividas-sirvydis	6-8	190	91	F-G	1610612765
1630185	2021-04-05 15:41:18.545	2021-04-05 15:42:41.845	1630185	Nico Mannion	nico-mannion	6-2	190	2	G	1610612744
1630164	2021-04-05 15:41:18.547	2021-04-05 15:42:42.005	1630164	James Wiseman	james-wiseman	7-0	240	33	C	1610612744
202322	2021-04-05 15:41:18.55	2021-04-05 15:42:42.154	202322	John Wall	john-wall	6-3	210	1	G	1610612745
1628398	2021-04-05 15:41:18.357	2021-04-05 15:42:43.009	1628398	Kyle Kuzma	kyle-kuzma	6-10	221	0	F	1610612747
1626145	2021-04-05 15:41:18.359	2021-04-05 15:42:43.44	1626145	Tyus Jones	tyus-jones	6-0	196	21	G	1610612763
1628415	2021-04-05 15:41:18.362	2021-04-05 15:42:43.455	1628415	Dillon Brooks	dillon-brooks	6-7	225	24	G-F	1610612763
201609	2021-04-05 15:41:18.38	2021-04-05 15:42:43.654	201609	Goran Dragic	goran-dragic	6-3	190	7	G	1610612748
1627774	2021-04-05 15:41:18.382	2021-04-05 15:42:44.301	1627774	Jake Layman	jake-layman	6-8	209	10	F	1610612750
1629633	2021-04-05 15:41:18.384	2021-04-05 15:42:44.352	1629633	Jarrett Culver	jarrett-culver	6-6	195	23	G-F	1610612750
1628411	2021-04-05 15:41:18.386	2021-04-05 15:42:44.541	1628411	Wes Iwundu	wes-iwundu	6-6	195	4	F	1610612740
1629014	2021-04-05 15:41:18.391	2021-04-05 15:42:46.302	1629014	Anfernee Simons	anfernee-simons	6-3	181	1	G	1610612757
1628963	2021-04-05 15:41:18.393	2021-04-05 15:42:46.702	1628963	Marvin Bagley III	marvin-bagley-iii	6-11	235	35	F	1610612758
203084	2021-04-05 15:41:18.395	2021-04-05 15:42:46.709	203084	Harrison Barnes	harrison-barnes	6-8	225	40	F	1610612758
201942	2021-04-05 15:41:18.397	2021-04-05 15:42:46.955	201942	DeMar DeRozan	demar-derozan	6-6	220	10	G-F	1610612759
1627751	2021-04-05 15:41:18.399	2021-04-05 15:42:47.055	1627751	Jakob Poeltl	jakob-poeltl	7-1	245	25	C	1610612759
1627775	2021-04-05 15:41:18.401	2021-04-05 15:42:47.298	1627775	Patrick McCaw	patrick-mccaw	6-7	181	22	G	1610612761
1628449	2021-04-05 15:41:18.403	2021-04-05 15:42:47.311	1628449	Chris Boucher	chris-boucher	6-9	200	25	F-C	1610612761
204060	2021-04-05 15:41:18.405	2021-04-05 15:42:47.49	204060	Joe Ingles	joe-ingles	6-8	220	2	F-G	1610612762
201144	2021-04-05 15:41:18.408	2021-04-05 15:42:47.534	201144	Mike Conley	mike-conley	6-1	175	10	G	1610612762
1626220	2021-04-05 15:41:18.41	2021-04-05 15:42:47.59	1626220	Royce O'Neale	royce-oneale	6-4	226	23	F	1610612762
1627777	2021-04-05 15:41:18.429	2021-04-05 15:42:47.604	1627777	Georges Niang	georges-niang	6-7	230	31	F	1610612762
202711	2021-04-05 15:41:18.431	2021-04-05 15:42:47.636	202711	Bojan Bogdanovic	bojan-bogdanovic	6-7	226	44	F	1610612762
203078	2021-04-05 15:41:18.433	2021-04-05 15:42:47.837	203078	Bradley Beal	bradley-beal	6-3	207	3	G	1610612764
202397	2021-04-05 15:41:18.436	2021-04-05 15:42:47.903	202397	Ish Smith	ish-smith	6-0	175	14	G	1610612764
1629067	2021-04-05 15:41:18.439	2021-04-05 15:42:47.945	1629067	Isaac Bonga	isaac-bonga	6-8	180	17	G	1610612764
203458	2021-04-05 15:41:18.441	2021-04-05 15:42:47.995	203458	Alex Len	alex-len	7-0	250	27	C	1610612764
1629244	2021-04-05 15:41:18.747	2021-04-05 15:41:18.747	1629244	Cameron Reynolds	cameron-reynolds	6-7	225	23	F	\N
1629164	2021-04-05 15:41:18.456	2021-04-05 15:42:38.608	1629164	Brandon Goodwin	brandon-goodwin	6-0	180	0	G	1610612737
201568	2021-04-05 15:41:18.211	2021-04-05 15:42:38.693	201568	Danilo Gallinari	danilo-gallinari	6-10	233	8	F	1610612737
1629027	2021-04-05 15:41:17.984	2021-04-05 15:42:38.702	1629027	Trae Young	trae-young	6-1	180	11	G	1610612737
1627739	2021-04-05 15:41:16.942	2021-04-05 15:42:38.854	1627739	Kris Dunn	kris-dunn	6-3	205	32	G	1610612737
1629185	2021-04-05 15:41:16.985	2021-04-05 15:42:39.382	1629185	Chris Chiozza	chris-chiozza	5-11	175	4	G	1610612751
201599	2021-04-05 15:41:18.008	2021-04-05 15:42:39.393	201599	DeAndre Jordan	deandre-jordan	6-11	265	6	C	1610612751
1628993	2021-04-05 15:41:17.736	2021-04-05 15:42:39.532	1628993	Alize Johnson	alize-johnson	6-7	212	24	F	1610612751
1630208	2021-04-05 15:41:18.246	2021-04-05 15:42:39.857	1630208	Nick Richards	nick-richards	7-0	245	14	C	1610612766
1629023	2021-04-05 15:41:17.042	2021-04-05 15:42:39.904	1629023	P.J. Washington	pj-washington	6-7	230	25	F	1610612766
203999	2021-04-05 15:41:18.684	2021-04-05 15:42:41.33	203999	Nikola Jokic	nikola-jokic	6-11	284	15	C	1610612743
1629635	2021-04-05 15:41:18.686	2021-04-05 15:42:41.705	1629635	Sekou Doumbouya	sekou-doumbouya	6-8	230	45	F	1610612765
1626162	2021-04-05 15:41:18.688	2021-04-05 15:42:41.934	1626162	Kelly Oubre Jr.	kelly-oubre-jr	6-7	203	12	F-G	1610612744
1627863	2021-04-05 15:41:18.691	2021-04-05 15:42:42.197	1627863	Danuel House Jr.	danuel-house-jr	6-6	220	4	F-G	1610612745
1630231	2021-04-05 15:41:18.693	2021-04-05 15:42:42.231	1630231	Kenyon Martin Jr.	kenyon-martin-jr	6-6	215	6	F	1610612745
1630256	2021-04-05 15:41:18.551	2021-04-05 15:42:42.241	1630256	Jae'Sean Tate	jaesean-tate	6-4	230	8	F	1610612745
1630237	2021-04-05 15:41:18.554	2021-04-05 15:42:42.292	1630237	Anthony Lamb	anthony-lamb	6-6	227	33	F	1610612745
1626174	2021-04-05 15:41:18.695	2021-04-05 15:42:42.3	1626174	Christian Wood	christian-wood	6-10	214	35	F	1610612745
1630199	2021-04-05 15:41:18.556	2021-04-05 15:42:42.444	1630199	Cassius Stanley	cassius-stanley	6-5	190	2	G	1610612754
203200	2021-04-05 15:41:18.559	2021-04-05 15:42:42.49	203200	Justin Holiday	justin-holiday	6-6	180	8	F-G	1610612754
1627747	2021-04-05 15:41:18.561	2021-04-05 15:42:42.582	1627747	Caris LeVert	caris-levert	6-6	205	22	G	1610612754
1630206	2021-04-05 15:41:18.579	2021-04-05 15:42:42.705	1630206	Jay Scrubb	jay-scrubb	6-5	220	0	G	1610612746
201586	2021-04-05 15:41:18.582	2021-04-05 15:42:42.798	201586	Serge Ibaka	serge-ibaka	6-10	235	9	F	1610612746
201188	2021-04-05 15:41:18.587	2021-04-05 15:42:43.137	201188	Marc Gasol	marc-gasol	6-11	255	14	C	1610612747
1626149	2021-04-05 15:41:18.698	2021-04-05 15:42:43.145	1626149	Montrezl Harrell	montrezl-harrell	6-7	240	15	F-C	1610612747
202693	2021-04-05 15:41:18.589	2021-04-05 15:42:43.203	202693	Markieff Morris	markieff-morris	6-9	245	88	F	1610612747
1630214	2021-04-05 15:41:18.591	2021-04-05 15:42:43.347	1630214	Xavier Tillman	xavier-tillman	6-8	245	2	F	1610612763
1630217	2021-04-05 15:41:18.594	2021-04-05 15:42:43.448	1630217	Desmond Bane	desmond-bane	6-5	215	22	G	1610612763
1630253	2021-04-05 15:41:18.596	2021-04-05 15:42:43.481	1630253	Sean McDermott	sean-mcdermott	6-6	195	30	F	1610612763
1629681	2021-04-05 15:41:18.598	2021-04-05 15:42:43.49	1629681	Killian Tillie	killian-tillie	6-9	220	35	F-C	1610612763
1630173	2021-04-05 15:41:18.6	2021-04-05 15:42:43.647	1630173	Precious Achiuwa	precious-achiuwa	6-8	225	5	F	1610612748
1629622	2021-04-05 15:41:18.602	2021-04-05 15:42:43.748	1629622	Max Strus	max-strus	6-5	215	31	G-F	1610612748
202357	2021-04-05 15:41:18.7	2021-04-05 15:42:43.793	202357	Nemanja Bjelica	nemanja-bjelica	6-10	234	70	F	1610612748
1627854	2021-04-05 15:41:18.604	2021-04-05 15:42:43.908	1627854	Bryn Forbes	bryn-forbes	6-2	205	7	G	1610612749
1629670	2021-04-05 15:41:18.702	2021-04-05 15:42:43.952	1629670	Jordan Nwora	jordan-nwora	6-8	225	13	F	1610612749
1630241	2021-04-05 15:41:18.607	2021-04-05 15:42:43.959	1630241	Sam Merrill	sam-merrill	6-4	205	15	G	1610612749
201950	2021-04-05 15:41:18.704	2021-04-05 15:42:43.994	201950	Jrue Holiday	jrue-holiday	6-3	205	21	G	1610612749
1629603	2021-04-05 15:41:18.61	2021-04-05 15:42:44.036	1629603	Mamadi Diakite	mamadi-diakite	6-9	228	25	F	1610612749
1626253	2021-04-05 15:41:18.631	2021-04-05 15:42:44.087	1626253	Axel Toupane	axel-toupane	6-7	210	66	G-F	1610612749
1630162	2021-04-05 15:41:18.633	2021-04-05 15:42:44.206	1630162	Anthony Edwards	anthony-edwards	6-4	225	1	G	1610612750
1630183	2021-04-05 15:41:18.635	2021-04-05 15:42:44.232	1630183	Jaden McDaniels	jaden-mcdaniels	6-9	185	3	F	1610612750
1626157	2021-04-05 15:41:18.706	2021-04-05 15:42:44.358	1626157	Karl-Anthony Towns	karl-anthony-towns	6-11	248	32	C-F	1610612750
1629638	2021-04-05 15:41:18.637	2021-04-05 15:42:44.555	1629638	Nickeil Alexander-Walker	nickeil-alexander-walker	6-6	205	6	G	1610612740
1630230	2021-04-05 15:41:18.64	2021-04-05 15:42:44.582	1630230	Naji Marshall	naji-marshall	6-7	220	8	F	1610612740
1626195	2021-04-05 15:41:18.642	2021-04-05 15:42:44.592	1626195	Willy Hernangomez	willy-hernangomez	6-11	250	9	C-F	1610612740
1630184	2021-04-05 15:41:18.644	2021-04-05 15:42:44.632	1630184	Kira Lewis Jr.	kira-lewis-jr	6-1	170	13	G	1610612740
1630266	2021-04-05 15:41:18.647	2021-04-05 15:42:44.654	1630266	Will Magnay	will-magnay	6-10	234	25	C	1610612740
1629607	2021-04-05 15:41:18.709	2021-04-05 15:42:44.791	1629607	Jared Harper	jared-harper	5-10	175	0	G	1610612752
1629004	2021-04-05 15:41:18.649	2021-04-05 15:42:45.193	1629004	Svi Mykhailiuk	svi-mykhailiuk	6-7	205	14	G-F	1610612760
1630221	2021-04-05 15:41:18.729	2021-04-05 15:42:45.201	1630221	Josh Hall	josh-hall	6-9	190	15	F	1610612760
203487	2021-04-05 15:41:18.651	2021-04-05 15:42:45.457	203487	Michael Carter-Williams	michael-carter-williams	6-5	190	7	G	1610612753
1630181	2021-04-05 15:41:18.653	2021-04-05 15:42:45.494	1630181	R.J. Hampton	rj-hampton	6-4	175	13	G	1610612753
203490	2021-04-05 15:41:18.655	2021-04-05 15:42:45.532	203490	Otto Porter Jr.	otto-porter-jr	6-8	198	22	F	1610612753
1626184	2021-04-05 15:41:18.658	2021-04-05 15:42:45.547	1626184	Chasson Randle	chasson-randle	6-2	185	25	G	1610612753
1628976	2021-04-05 15:41:18.661	2021-04-05 15:42:45.56	1628976	Wendell Carter Jr.	wendell-carter-jr	6-10	270	34	C-F	1610612753
1630222	2021-04-05 15:41:18.731	2021-04-05 15:42:45.745	1630222	Mason Jones	mason-jones	6-4	200	9	G	1610612755
1628470	2021-04-05 15:41:18.733	2021-04-05 15:42:46.095	1628470	Torrey Craig	torrey-craig	6-7	221	12	F	1610612756
1628969	2021-04-05 15:41:18.735	2021-04-05 15:42:46.153	1628969	Mikal Bridges	mikal-bridges	6-6	209	25	F	1610612756
2546	2021-04-05 15:41:18.679	2021-04-05 15:42:46.295	2546	Carmelo Anthony	carmelo-anthony	6-7	238	00	F	1610612757
1629833	2021-04-05 15:41:18.737	2021-04-05 15:42:46.391	1629833	Keljin Blevins	keljin-blevins	6-4	200	21	G	1610612757
1629056	2021-04-05 15:41:18.74	2021-04-05 15:42:46.6	1629056	Terence Davis	terence-davis	6-4	201	9	G	1610612758
1627761	2021-04-05 15:41:18.749	2021-04-05 15:42:47.386	1627761	DeAndre' Bembry	deandre-bembry	6-5	210	95	G-F	1610612761
202324	2021-04-05 15:41:18.751	2021-04-05 15:42:47.542	202324	Derrick Favors	derrick-favors	6-9	265	15	F	1610612762
1628990	2021-04-05 15:41:18.682	2021-04-05 15:42:47.808	1628990	Chandler Hutchison	chandler-hutchison	6-6	210	1	F-G	1610612764
1629010	2021-04-05 15:41:18.754	2021-04-05 15:42:47.89	1629010	Jerome Robinson	jerome-robinson	6-4	190	12	G	1610612764
1629655	2021-04-05 15:41:18.757	2021-04-05 15:42:47.958	1629655	Daniel Gafford	daniel-gafford	6-10	234	21	F-C	1610612764
202329	2021-04-05 15:41:18.529	2021-04-05 15:42:40.243	202329	Al-Farouq Aminu	al-farouq-aminu	6-8	220	5	F	1610612741
203521	2021-04-05 15:41:17.484	2021-04-05 15:42:40.65	203521	Matthew Dellavedova	matthew-dellavedova	6-3	200	18	G	1610612739
1626204	2021-04-05 15:41:18.294	2021-04-05 15:42:40.682	1626204	Larry Nance Jr.	larry-nance-jr	6-7	245	22	F-C	1610612739
1626246	2021-04-05 15:41:18.338	2021-04-05 15:42:41.056	1626246	Boban Marjanovic	boban-marjanovic	7-4	290	51	C	1610612742
203145	2021-04-05 15:41:17.789	2021-04-05 15:42:41.988	203145	Kent Bazemore	kent-bazemore	6-4	195	26	G-F	1610612744
1627763	2021-04-05 15:41:17.289	2021-04-05 15:42:42.483	1627763	Malcolm Brogdon	malcolm-brogdon	6-5	229	7	G	1610612754
1629052	2021-04-05 15:42:42.51	2021-04-05 15:42:42.51	1629052	Oshae Brissett	oshae-brissett	6-7	210	11	F-G	1610612754
1630187	2021-04-05 15:41:18.584	2021-04-05 15:42:42.805	1630187	Daniel Oturu	daniel-oturu	6-8	240	10	C	1610612746
203471	2021-04-05 15:41:17.801	2021-04-05 15:42:43.152	203471	Dennis Schroder	dennis-schroder	6-3	172	17	G	1610612747
1628389	2021-04-05 15:41:17.587	2021-04-05 15:42:43.69	1628389	Bam Adebayo	bam-adebayo	6-9	255	13	C-F	1610612748
1629134	2021-04-05 15:41:17.346	2021-04-05 15:42:43.732	1629134	Kendrick Nunn	kendrick-nunn	6-2	190	25	G	1610612748
1628978	2021-04-05 15:41:18.106	2021-04-05 15:42:43.891	1628978	Donte DiVincenzo	donte-divincenzo	6-4	203	0	G	1610612749
1629066	2021-04-05 15:41:17.098	2021-04-05 15:42:43.9	1629066	Rodions Kurucs	rodions-kurucs	6-9	228	00	F	1610612749
203648	2021-04-05 15:41:18.629	2021-04-05 15:42:44.052	203648	Thanasis Antetokounmpo	thanasis-antetokounmpo	6-6	219	43	F	1610612749
202738	2021-04-05 15:42:44.532	2021-04-05 15:42:44.532	202738	Isaiah Thomas	isaiah-thomas	5-9	185	4	G	1610612740
1629033	2021-04-05 15:41:17.855	2021-04-05 15:42:44.908	1629033	Theo Pinson	theo-pinson	6-5	212	21	G-F	1610612752
203658	2021-04-05 15:42:44.957	2021-04-05 15:42:44.957	203658	Norvel Pelle	norvel-pelle	6-10	231	31	C	1610612752
1628983	2021-04-05 15:41:17.409	2021-04-05 15:42:45.101	1628983	Shai Gilgeous-Alexander	shai-gilgeous-alexander	6-6	180	2	G-F	1610612760
1629730	2021-04-05 15:41:18.388	2021-04-05 15:42:45.736	1629730	Rayjon Tucker	rayjon-tucker	6-3	209	9	G	1610612755
1629028	2021-04-05 15:41:17.647	2021-04-05 15:42:46.136	1629028	Deandre Ayton	deandre-ayton	6-11	250	22	C	1610612756
1628385	2021-04-05 15:41:17.911	2021-04-05 15:42:46.34	1628385	Harry Giles III	harry-giles-iii	6-11	240	4	F-C	1610612757
202683	2021-04-05 15:41:17.16	2021-04-05 15:42:46.379	202683	Enes Kanter	enes-kanter	6-10	250	11	C	1610612757
1629022	2021-04-05 15:41:18.743	2021-04-05 15:42:46.898	1629022	Lonnie Walker IV	lonnie-walker-iv	6-4	204	1	G-F	1610612759
203476	2021-04-05 15:41:18.188	2021-04-05 15:42:46.984	203476	Gorgui Dieng	gorgui-dieng	6-10	252	14	C	1610612759
1628378	2021-04-05 15:41:17.961	2021-04-05 15:42:47.643	1628378	Donovan Mitchell	donovan-mitchell	6-1	215	45	G	1610612762
1628418	2021-04-05 15:41:17.711	2021-04-05 15:42:47.897	1628418	Thomas Bryant	thomas-bryant	6-10	248	13	C-F	1610612764
202722	2021-04-05 15:41:18.444	2021-04-05 15:42:48.002	202722	Davis Bertans	davis-bertans	6-10	225	42	F	1610612764
\.


--
-- Data for Name: Team; Type: TABLE DATA; Schema: public; Owner: postgres
--

COPY public."Team" (id, "createdAt", "updatedAt", handle, name, slug, city, abbreviation, logo, "logoSlug", wins, losses, "winPercentage", conference, division, established) FROM stdin;
1610612737	2021-04-05 15:41:16.661	2021-04-05 15:42:38.516	1610612737	Hawks	hawks	Atlanta	ATL	https://res.cloudinary.com/dbc3x3s7c/image/upload/v1611526601/nba-logos/atlanta-hawks-logo.png	atlanta-hawks-logo	26	24	0.52	East	Southeast	1949
1610612738	2021-04-05 15:41:16.79	2021-04-05 15:42:38.986	1610612738	Celtics	celtics	Boston	BOS	https://res.cloudinary.com/dbc3x3s7c/image/upload/v1611526601/nba-logos/boston-celtics-logo.png	boston-celtics-logo	25	25	0.5	East	Atlantic	1946
1610612751	2021-04-05 15:41:16.796	2021-04-05 15:42:39.334	1610612751	Nets	nets	Brooklyn	BKN	https://res.cloudinary.com/dbc3x3s7c/image/upload/v1611526601/nba-logos/brooklyn-nets-logo.png	brooklyn-nets-logo	34	16	0.68	East	Atlantic	1976
1610612741	2021-04-05 15:41:16.8	2021-04-05 15:42:40.178	1610612741	Bulls	bulls	Chicago	CHI	https://res.cloudinary.com/dbc3x3s7c/image/upload/v1611526601/nba-logos/chicago-bulls-logo.png	chicago-bulls-logo	20	28	0.417	East	Central	1966
1610612739	2021-04-05 15:41:16.805	2021-04-05 15:42:40.546	1610612739	Cavaliers	cavaliers	Cleveland	CLE	https://res.cloudinary.com/dbc3x3s7c/image/upload/v1611526601/nba-logos/cleveland-cavaliers-logo.png	cleveland-cavaliers-logo	17	32	0.347	East	Central	1970
1610612742	2021-04-05 15:41:16.809	2021-04-05 15:42:40.847	1610612742	Mavericks	mavericks	Dallas	DAL	https://res.cloudinary.com/dbc3x3s7c/image/upload/v1611526601/nba-logos/dallas-mavericks-logo.png	dallas-mavericks-logo	27	21	0.563	West	Southwest	1980
1610612743	2021-04-05 15:41:16.83	2021-04-05 15:42:41.191	1610612743	Nuggets	nuggets	Denver	DEN	https://res.cloudinary.com/dbc3x3s7c/image/upload/v1611526601/nba-logos/denver-nuggets-logo.png	denver-nuggets-logo	31	18	0.633	West	Northwest	1976
1610612765	2021-04-05 15:41:16.834	2021-04-05 15:42:41.506	1610612765	Pistons	pistons	Detroit	DET	https://res.cloudinary.com/dbc3x3s7c/image/upload/v1611526601/nba-logos/detroit-pistons-logo.png	detroit-pistons-logo	14	35	0.286	East	Central	1948
1610612744	2021-04-05 15:41:16.837	2021-04-05 15:42:41.832	1610612744	Warriors	warriors	Golden State	GSW	https://res.cloudinary.com/dbc3x3s7c/image/upload/v1611526601/nba-logos/golden-state-warriors-logo.png	golden-state-warriors-logo	23	27	0.46	West	Pacific	1946
1610612745	2021-04-05 15:41:16.842	2021-04-05 15:42:42.133	1610612745	Rockets	rockets	Houston	HOU	https://res.cloudinary.com/dbc3x3s7c/image/upload/v1611526602/nba-logos/houston-rockets-logo.png	houston-rockets-logo	13	36	0.265	West	Southwest	1967
1610612754	2021-04-05 15:41:16.846	2021-04-05 15:42:42.41	1610612754	Pacers	pacers	Indiana	IND	https://res.cloudinary.com/dbc3x3s7c/image/upload/v1611526602/nba-logos/indiana-pacers-logo.png	indiana-pacers-logo	22	26	0.458	East	Central	1976
1610612746	2021-04-05 15:41:16.85	2021-04-05 15:42:42.701	1610612746	Clippers	clippers	LA	LAC	https://res.cloudinary.com/dbc3x3s7c/image/upload/v1611526602/nba-logos/los-angeles-clippers-logo.png	los-angeles-clippers-logo	33	18	0.647	West	Pacific	1970
1610612747	2021-04-05 15:41:16.854	2021-04-05 15:42:43.006	1610612747	Lakers	lakers	Los Angeles	LAL	https://res.cloudinary.com/dbc3x3s7c/image/upload/v1611526602/nba-logos/los-angeles-lakers-logo.png	los-angeles-lakers-logo	31	19	0.62	West	Pacific	1948
1610612763	2021-04-05 15:41:16.858	2021-04-05 15:42:43.31	1610612763	Grizzlies	grizzlies	Memphis	MEM	https://res.cloudinary.com/dbc3x3s7c/image/upload/v1611526602/nba-logos/memphis-grizzlies-logo.png	memphis-grizzlies-logo	24	23	0.511	West	Southwest	1995
1610612748	2021-04-05 15:41:16.861	2021-04-05 15:42:43.609	1610612748	Heat	heat	Miami	MIA	https://res.cloudinary.com/dbc3x3s7c/image/upload/v1611526603/nba-logos/miami-heat-logo.png	miami-heat-logo	26	24	0.52	East	Southeast	1988
1610612749	2021-04-05 15:41:16.88	2021-04-05 15:42:43.887	1610612749	Bucks	bucks	Milwaukee	MIL	https://res.cloudinary.com/dbc3x3s7c/image/upload/v1611526602/nba-logos/milwaukee-bucks-logo.png	milwaukee-bucks-logo	32	17	0.653	East	Central	1968
1610612750	2021-04-05 15:41:16.883	2021-04-05 15:42:44.195	1610612750	Timberwolves	timberwolves	Minnesota	MIN	https://res.cloudinary.com/dbc3x3s7c/image/upload/v1611526604/nba-logos/minnesota-timberwolves-logo.png	minnesota-timberwolves-logo	12	38	0.24	West	Northwest	1989
1610612740	2021-04-05 15:41:16.885	2021-04-05 15:42:44.488	1610612740	Pelicans	pelicans	New Orleans	NOP	https://res.cloudinary.com/dbc3x3s7c/image/upload/v1611526604/nba-logos/new-orleans-pelicans-logo.png	new-orleans-pelicans-logo	22	27	0.449	West	Southwest	2002
1610612752	2021-04-05 15:41:16.889	2021-04-05 15:42:44.787	1610612752	Knicks	knicks	New York	NYK	https://res.cloudinary.com/dbc3x3s7c/image/upload/v1611526603/nba-logos/new-york-knicks-logo.png	new-york-knicks-logo	25	25	0.5	East	Atlantic	1946
1610612760	2021-04-05 15:41:16.893	2021-04-05 15:42:45.097	1610612760	Thunder	thunder	Oklahoma City	OKC	https://res.cloudinary.com/dbc3x3s7c/image/upload/v1611526602/nba-logos/oklahoma-city-thunder-logo.png	oklahoma-city-thunder-logo	20	29	0.408	West	Northwest	1967
1610612753	2021-04-05 15:41:16.895	2021-04-05 15:42:45.404	1610612753	Magic	magic	Orlando	ORL	https://res.cloudinary.com/dbc3x3s7c/image/upload/v1611526603/nba-logos/orlando-magic-logo.png	orlando-magic-logo	17	33	0.34	East	Southeast	1989
1610612755	2021-04-05 15:41:16.898	2021-04-05 15:42:45.69	1610612755	76ers	sixers	Philadelphia	PHI	https://res.cloudinary.com/dbc3x3s7c/image/upload/v1611526603/nba-logos/philadelphia-76ers-logo.png	philadelphia-76ers-logo	34	16	0.68	East	Atlantic	1949
1610612756	2021-04-05 15:41:16.901	2021-04-05 15:42:45.993	1610612756	Suns	suns	Phoenix	PHX	https://res.cloudinary.com/dbc3x3s7c/image/upload/v1611526603/nba-logos/phoenix-suns-logo.png	phoenix-suns-logo	34	14	0.708	West	Pacific	1968
1610612757	2021-04-05 15:41:16.904	2021-04-05 15:42:46.282	1610612757	Trail Blazers	blazers	Portland	POR	https://res.cloudinary.com/dbc3x3s7c/image/upload/v1611526604/nba-logos/portland-trail-blazers-logo.png	portland-trail-blazers-logo	30	19	0.612	West	Northwest	1970
1610612758	2021-04-05 15:41:16.908	2021-04-05 15:42:46.537	1610612758	Kings	kings	Sacramento	SAC	https://res.cloudinary.com/dbc3x3s7c/image/upload/v1611526603/nba-logos/sacramento-kings-logo.png	sacramento-kings-logo	22	28	0.44	West	Pacific	1948
1610612759	2021-04-05 15:41:16.911	2021-04-05 15:42:46.894	1610612759	Spurs	spurs	San Antonio	SAS	https://res.cloudinary.com/dbc3x3s7c/image/upload/v1611526604/nba-logos/san-antonio-spurs-logo.png	san-antonio-spurs-logo	24	23	0.511	West	Southwest	1976
1610612761	2021-04-05 15:41:16.93	2021-04-05 15:42:47.197	1610612761	Raptors	raptors	Toronto	TOR	https://res.cloudinary.com/dbc3x3s7c/image/upload/v1611526604/nba-logos/toronto-raptors-logo.png	toronto-raptors-logo	19	30	0.388	East	Atlantic	1995
1610612762	2021-04-05 15:41:16.932	2021-04-05 15:42:47.46	1610612762	Jazz	jazz	Utah	UTA	https://res.cloudinary.com/dbc3x3s7c/image/upload/v1611526604/nba-logos/utah-jazz-logo.png	utah-jazz-logo	38	11	0.776	West	Northwest	1974
1610612764	2021-04-05 15:41:16.935	2021-04-05 15:42:47.805	1610612764	Wizards	wizards	Washington	WAS	https://res.cloudinary.com/dbc3x3s7c/image/upload/v1611526604/nba-logos/washington-wizards-logo.png	washington-wizards-logo	17	31	0.354	East	Southeast	1961
1610612766	2021-04-05 15:41:16.938	2021-04-05 15:42:39.702	1610612766	Hornets	hornets	Charlotte	CHA	https://res.cloudinary.com/dbc3x3s7c/image/upload/v1611526601/nba-logos/charlotte-hornets-logo.png	charlotte-hornets-logo	25	24	0.51	East	Southeast	1988
\.


--
-- Data for Name: _prisma_migrations; Type: TABLE DATA; Schema: public; Owner: postgres
--

COPY public._prisma_migrations (id, checksum, finished_at, migration_name, logs, rolled_back_at, started_at, applied_steps_count) FROM stdin;
b6027e3c-e52f-4c8a-b909-0f687a87001b	cc8160ebc0e817bba5ee5aa7108fab2469e6c81b929898a4e8b5bdfc248a51c	2021-04-05 09:41:09.756289-06	20210330171746_init_migration	\N	\N	2021-04-05 09:41:09.708011-06	1
\.


--
-- Name: Coach Coach_pkey; Type: CONSTRAINT; Schema: public; Owner: postgres
--

ALTER TABLE ONLY public."Coach"
    ADD CONSTRAINT "Coach_pkey" PRIMARY KEY (id);


--
-- Name: ColorScheme ColorScheme_pkey; Type: CONSTRAINT; Schema: public; Owner: postgres
--

ALTER TABLE ONLY public."ColorScheme"
    ADD CONSTRAINT "ColorScheme_pkey" PRIMARY KEY (id);


--
-- Name: Player Player_pkey; Type: CONSTRAINT; Schema: public; Owner: postgres
--

ALTER TABLE ONLY public."Player"
    ADD CONSTRAINT "Player_pkey" PRIMARY KEY (id);


--
-- Name: Team Team_pkey; Type: CONSTRAINT; Schema: public; Owner: postgres
--

ALTER TABLE ONLY public."Team"
    ADD CONSTRAINT "Team_pkey" PRIMARY KEY (id);


--
-- Name: _prisma_migrations _prisma_migrations_pkey; Type: CONSTRAINT; Schema: public; Owner: postgres
--

ALTER TABLE ONLY public._prisma_migrations
    ADD CONSTRAINT _prisma_migrations_pkey PRIMARY KEY (id);


--
-- Name: Coach.handle_unique; Type: INDEX; Schema: public; Owner: postgres
--

CREATE UNIQUE INDEX "Coach.handle_unique" ON public."Coach" USING btree (handle);


--
-- Name: Coach.name_unique; Type: INDEX; Schema: public; Owner: postgres
--

CREATE UNIQUE INDEX "Coach.name_unique" ON public."Coach" USING btree (name);


--
-- Name: ColorScheme_teamId_unique; Type: INDEX; Schema: public; Owner: postgres
--

CREATE UNIQUE INDEX "ColorScheme_teamId_unique" ON public."ColorScheme" USING btree ("teamId");


--
-- Name: Player.handle_unique; Type: INDEX; Schema: public; Owner: postgres
--

CREATE UNIQUE INDEX "Player.handle_unique" ON public."Player" USING btree (handle);


--
-- Name: Player.name_unique; Type: INDEX; Schema: public; Owner: postgres
--

CREATE UNIQUE INDEX "Player.name_unique" ON public."Player" USING btree (name);


--
-- Name: Player.slug_unique; Type: INDEX; Schema: public; Owner: postgres
--

CREATE UNIQUE INDEX "Player.slug_unique" ON public."Player" USING btree (slug);


--
-- Name: Team.abbreviation_unique; Type: INDEX; Schema: public; Owner: postgres
--

CREATE UNIQUE INDEX "Team.abbreviation_unique" ON public."Team" USING btree (abbreviation);


--
-- Name: Team.handle_unique; Type: INDEX; Schema: public; Owner: postgres
--

CREATE UNIQUE INDEX "Team.handle_unique" ON public."Team" USING btree (handle);


--
-- Name: Team.logoSlug_unique; Type: INDEX; Schema: public; Owner: postgres
--

CREATE UNIQUE INDEX "Team.logoSlug_unique" ON public."Team" USING btree ("logoSlug");


--
-- Name: Team.logo_unique; Type: INDEX; Schema: public; Owner: postgres
--

CREATE UNIQUE INDEX "Team.logo_unique" ON public."Team" USING btree (logo);


--
-- Name: Team.name_unique; Type: INDEX; Schema: public; Owner: postgres
--

CREATE UNIQUE INDEX "Team.name_unique" ON public."Team" USING btree (name);


--
-- Name: Team.slug_unique; Type: INDEX; Schema: public; Owner: postgres
--

CREATE UNIQUE INDEX "Team.slug_unique" ON public."Team" USING btree (slug);


--
-- Name: Coach Coach_teamId_fkey; Type: FK CONSTRAINT; Schema: public; Owner: postgres
--

ALTER TABLE ONLY public."Coach"
    ADD CONSTRAINT "Coach_teamId_fkey" FOREIGN KEY ("teamId") REFERENCES public."Team"(id) ON UPDATE CASCADE ON DELETE SET NULL;


--
-- Name: ColorScheme ColorScheme_teamId_fkey; Type: FK CONSTRAINT; Schema: public; Owner: postgres
--

ALTER TABLE ONLY public."ColorScheme"
    ADD CONSTRAINT "ColorScheme_teamId_fkey" FOREIGN KEY ("teamId") REFERENCES public."Team"(id) ON UPDATE CASCADE ON DELETE SET NULL;


--
-- Name: Player Player_teamId_fkey; Type: FK CONSTRAINT; Schema: public; Owner: postgres
--

ALTER TABLE ONLY public."Player"
    ADD CONSTRAINT "Player_teamId_fkey" FOREIGN KEY ("teamId") REFERENCES public."Team"(id) ON UPDATE CASCADE ON DELETE SET NULL;


--
-- PostgreSQL database dump complete
--

