id,createdAt,updatedAt,handle,name,type,isAssistant,teamId
202979,2021-03-30 17:18:05.475,2021-03-30 17:19:29.956,202979,Jamie Young,Assistant Coach,2,1610612738
1627329,2021-03-30 17:18:05.477,2021-03-30 17:19:29.982,1627329,Scott Morrison,Assistant Coach,2,1610612738
1628210,2021-03-30 17:18:05.479,2021-03-30 17:19:29.996,1628210,Joe Mazzulla,Assistant Coach,2,1610612738
1628765,2021-03-30 17:18:05.482,2021-03-30 17:19:30.028,1628765,Art Horne,Trainer,3,1610612738
959,2021-03-30 17:18:05.484,2021-03-30 17:19:30.247,959,Steve Nash,Head Coach,1,1610612751
202588,2021-03-30 17:18:05.486,2021-03-30 17:19:30.253,202588,Jacque Vaughn,Lead Assistant Coach,13,1610612751
1783,2021-03-30 17:18:05.488,2021-03-30 17:19:30.278,1783,Mike D'Antoni,Assistant Coach,2,1610612751
203152,2021-03-30 17:18:05.49,2021-03-30 17:19:30.287,203152,Ime Udoka,Assistant Coach,2,1610612751
1627876,2021-03-30 17:18:05.492,2021-03-30 17:19:30.3,1627876,Adam Harrington,Assistant Coach,2,1610612751
202435,2021-03-30 17:18:05.494,2021-03-30 17:19:30.608,202435,James Borrego,Head Coach,1,1610612766
2472,2021-03-30 17:18:05.498,2021-03-30 17:19:30.639,2472,Jay Triano,Assistant Coach,2,1610612766
202602,2021-03-30 17:18:05.5,2021-03-30 17:19:30.647,202602,Chad Iske,Assistant Coach,2,1610612766
101278,2021-03-30 17:18:05.501,2021-03-30 17:19:30.654,101278,Joe Sharpe,Trainer,3,1610612766
201666,2021-03-30 17:18:05.503,2021-03-30 17:19:30.681,201666,Dennis Williams,Assistant Trainer,4,1610612766
1627310,2021-03-30 17:18:05.505,2021-03-30 17:19:30.894,1627310,Billy Donovan,Head Coach,1,1610612741
1627604,2021-03-30 17:18:05.523,2021-03-30 17:19:30.902,1627604,Chris Fleming,Assistant Coach,2,1610612741
2511,2021-03-30 17:18:05.525,2021-03-30 17:19:30.926,2511,Mike Wilhelm,Assistant Coach,2,1610612741
204031,2021-03-30 17:18:05.527,2021-03-30 17:19:30.943,204031,Joshua Longstaff,Assistant Coach,2,1610612741
1312,2021-03-30 17:18:05.529,2021-03-30 17:19:30.951,1312,Maurice Cheeks,Assistant Coach,2,1610612741
2394,2021-03-30 17:18:05.531,2021-03-30 17:19:30.957,2394,Pete Myers,Assistant Coach,2,1610612741
1629710,2021-03-30 17:18:05.533,2021-03-30 17:19:31.194,1629710,Lindsay Gottlieb,Assistant Coach,2,1610612739
204238,2021-03-30 17:18:05.534,2021-03-30 17:19:31.207,204238,Antonio Lang,Assistant Coach,2,1610612739
1629110,2021-03-30 17:18:05.536,2021-03-30 17:19:31.234,1629110,Dan Geriot,Assistant Coach,2,1610612739
204286,2021-03-30 17:18:05.54,2021-03-30 17:19:31.248,204286,Stephen Spiro,Trainer,3,1610612739
1320,2021-03-30 17:18:05.542,2021-03-30 17:19:31.478,1320,Rick Carlisle,Head Coach,1,1610612742
1628785,2021-03-30 17:18:05.677,2021-03-30 17:19:31.486,1628785,Zach Guthrie,Assistant Coach,2,1610612742
202427,2021-03-30 17:18:05.544,2021-03-30 17:19:31.493,202427,Jamahl Mosley,Assistant Coach,2,1610612742
2868,2021-03-30 17:18:05.548,2021-03-30 17:19:31.534,2868,Casey Smith,Trainer,3,1610612742
2871,2021-03-30 17:18:05.549,2021-03-30 17:19:31.541,2871,Dionne Calhoun,Assistant Trainer,4,1610612742
2610,2021-03-30 17:18:05.551,2021-03-30 17:19:31.751,2610,Michael Malone,Head Coach,1,1610612743
203391,2021-03-30 17:18:05.553,2021-03-30 17:19:31.758,203391,Ryan Bowen,Assistant Coach,2,1610612743
202894,2021-03-30 17:18:05.555,2021-03-30 17:19:31.782,202894,Charles Klask,Assistant Coach,2,1610612743
203165,2021-03-30 17:18:05.573,2021-03-30 17:19:31.789,203165,Bob Weiss,Assistant Coach,2,1610612743
203759,2021-03-30 17:18:05.577,2021-03-30 17:19:31.802,203759,Jordi Fernandez,Assistant Coach,2,1610612743
1018,2021-03-30 17:18:05.579,2021-03-30 17:19:31.808,1018,Wes Unseld,Assistant Coach,2,1610612743
1627167,2021-03-30 17:18:05.581,2021-03-30 17:19:31.831,1627167,Dan Shimensky,Trainer,3,1610612743
204230,2021-03-30 17:18:05.583,2021-03-30 17:19:32.048,204230,Tim Hardaway,Assistant Coach,2,1610612765
1336,2021-03-30 17:18:05.584,2021-03-30 17:19:32.054,1336,Tim Grgurich,Assistant Coach,2,1610612765
202101,2021-03-30 17:18:05.586,2021-03-30 17:19:32.078,202101,Micah Nori,Assistant Coach,2,1610612765
1226,2021-03-30 17:18:05.591,2021-03-30 17:19:32.093,1226,Sidney Lowe,Assistant Coach,2,1610612765
201678,2021-03-30 17:18:05.592,2021-03-30 17:19:32.099,201678,Jim Scholler,Trainer,3,1610612765
204239,2021-03-30 17:18:05.594,2021-03-30 17:19:32.303,204239,Jarron Collins,Assistant Coach,2,1610612744
1658,2021-03-30 17:18:05.596,2021-03-30 17:19:32.327,1658,Mike Brown,Assistant Coach,2,1610612744
204260,2021-03-30 17:18:05.598,2021-03-30 17:19:32.337,204260,Bruce Fraser,Assistant Coach,2,1610612744
1796,2021-03-30 17:18:05.6,2021-03-30 17:19:32.344,1796,Ron Adams,Assistant Coach,2,1610612744
2152,2021-03-30 17:18:05.603,2021-03-30 17:19:32.577,2152,Stephen Silas,Head Coach,1,1610612745
1786,2021-03-30 17:18:05.622,2021-03-30 17:19:32.592,1786,John Lucas,Assistant Coach,2,1610612745
201765,2021-03-30 17:18:05.679,2021-03-30 17:19:32.836,201765,Nate Bjorkgren,Head Coach,1,1610612754
201696,2021-03-30 17:18:05.681,2021-03-30 17:19:32.85,201696,Kaleb Canales,Assistant Coach,2,1610612754
101200,2021-03-30 17:18:05.683,2021-03-30 17:19:32.89,101200,Josh Corbeil,Trainer,3,1610612754
201675,2021-03-30 17:18:05.625,2021-03-30 17:19:32.897,201675,Carl Eaton,Assistant Trainer,4,1610612754
202978,2021-03-30 17:18:05.627,2021-03-30 17:19:33.079,202978,Tyronn Lue,Head Coach,1,1610612746
2345,2021-03-30 17:18:05.687,2021-03-30 17:19:33.352,2345,Frank Vogel,Head Coach,1,1610612747
1629748,2021-03-30 17:18:05.689,2021-03-30 17:19:33.358,1629748,Quinton Crawford,Assistant Coach,2,1610612747
1353,2021-03-30 17:18:05.691,2021-03-30 17:19:33.381,1353,Lionel Hollins,Assistant Coach,2,1610612747
203456,2021-03-30 17:18:05.693,2021-03-30 17:19:33.388,203456,Jason Kidd,Assistant Coach,2,1610612747
203597,2021-03-30 17:18:05.695,2021-03-30 17:19:33.395,203597,Phil Handy,Assistant Coach,2,1610612747
203624,2021-03-30 17:18:05.699,2021-03-30 17:19:33.631,203624,Taylor Jenkins,Head Coach,1,1610612763
2086,2021-03-30 17:18:05.701,2021-03-30 17:19:33.651,2086,Scoonie Penn,Assistant Coach,2,1610612763
1628234,2021-03-30 17:18:05.703,2021-03-30 17:19:33.69,1628234,David McClure,Assistant Coach,2,1610612763
1630018,2021-03-30 17:18:05.705,2021-03-30 17:19:33.704,1630018,Eric Oetter,Trainer,3,1610612763
1787,2021-03-30 17:18:05.723,2021-03-30 17:19:33.892,1787,Erik Spoelstra,Head Coach,1,1610612748
2630,2021-03-30 17:18:05.629,2021-03-30 17:19:34.652,2630,Bob Beyer,Assistant Coach,2,1610612740
1629450,2021-03-30 17:18:05.633,2021-03-30 17:19:34.951,1629450,Larry Greer,Assistant Coach,2,1610612752
1370,2021-03-30 17:18:05.635,2021-03-30 17:19:34.989,1370,Roger Hinds,Trainer,3,1610612752
1629758,2021-03-30 17:18:05.636,2021-03-30 17:19:35.192,1629758,Dave Bliss,Assistant Coach,2,1610612760
203758,2021-03-30 17:18:05.638,2021-03-30 17:19:35.199,203758,Mike Miller,Assistant Coach,2,1610612760
2366,2021-03-30 17:18:05.641,2021-03-30 17:19:35.206,2366,Mike Wilks,Assistant Coach,2,1610612760
202859,2021-03-30 17:18:05.642,2021-03-30 17:19:35.239,202859,David Akinyooye,Assistant Coach,2,1610612760
204013,2021-03-30 17:18:05.644,2021-03-30 17:19:35.483,204013,Pat Delany,Assistant Coach,2,1610612753
1629427,2021-03-30 17:18:05.648,2021-03-30 17:19:35.977,1629427,Brian Randle,Assistant Coach,2,1610612756
1865,2021-03-30 17:18:05.65,2021-03-30 17:19:35.985,1865,Randy Ayers,Assistant Coach,2,1610612756
201046,2021-03-30 17:18:05.652,2021-03-30 17:19:36.501,201046,Lindsey Harding,Assistant Coach,2,1610612758
1627564,2021-03-30 17:18:05.654,2021-03-30 17:19:36.531,1627564,Jonah Herscu,Assistant Coach,2,1610612758
1628770,2021-03-30 17:18:05.891,2021-03-30 17:19:29.681,1628770,Matt Hill,Assistant Coach,2,1610612737
1831,2021-03-30 17:18:05.893,2021-03-30 17:19:29.689,1831,Marlon Garnett,Assistant Coach,2,1610612737
1628764,2021-03-30 17:18:05.895,2021-03-30 17:19:29.697,1628764,Scottie Parker,Trainer,3,1610612737
1627877,2021-03-30 17:18:05.897,2021-03-30 17:19:30.327,1627877,Jordan Ott,Assistant Coach,2,1610612751
1628803,2021-03-30 17:18:05.899,2021-03-30 17:19:30.343,1628803,Ryan Forehan-Kelly,Assistant Coach,2,1610612751
203550,2021-03-30 17:18:05.903,2021-03-30 17:19:30.377,203550,Sebastien Poirier,Trainer,3,1610612751
203811,2021-03-30 17:18:05.922,2021-03-30 17:19:31.201,203811,Greg Buckner,Assistant Coach,2,1610612739
1628227,2021-03-30 17:18:05.925,2021-03-30 17:19:32.358,1628227,Drew Yoder,Trainer,3,1610612744
1630277,2021-03-30 17:18:05.927,2021-03-30 17:19:32.585,1630277,Rick Higgins,Assistant Coach,2,1610612745
202898,2021-03-30 17:18:05.929,2021-03-30 17:19:32.606,202898,Jeff Hornacek,Assistant Coach,2,1610612745
1627657,2021-03-30 17:18:05.931,2021-03-30 17:19:32.631,1627657,Will Weaver,Assistant Coach,2,1610612745
1257,2021-03-30 17:18:05.932,2021-03-30 17:19:32.639,1257,Keith Jones,Trainer,3,1610612745
202431,2021-03-30 17:18:05.934,2021-03-30 17:19:32.645,202431,Jason Biles,Trainer,3,1610612745
203785,2021-03-30 17:18:05.936,2021-03-30 17:19:32.843,203785,Greg Foster,Assistant Coach,2,1610612754
203764,2021-03-30 17:18:05.94,2021-03-30 17:19:32.883,203764,Tyler Marsh,Assistant Coach,2,1610612754
1271,2021-03-30 17:18:05.943,2021-03-30 17:19:33.138,1271,Larry Drew,Assistant Coach,2,1610612746
2010,2021-03-30 17:18:05.945,2021-03-30 17:19:33.153,2010,Jasen Powell,Trainer,3,1610612746
203797,2021-03-30 17:18:05.947,2021-03-30 17:19:33.658,203797,Brad Jones,Assistant Coach,2,1610612763
204011,2021-03-30 17:18:05.949,2021-03-30 17:19:33.683,204011,Darko Rajakovic,Assistant Coach,2,1610612763
204229,2021-03-30 17:18:05.726,2021-03-30 17:19:33.899,204229,Malik Allen,Assistant Coach,2,1610612748
2406,2021-03-30 17:18:05.951,2021-03-30 17:19:33.906,2406,Caron Butler,Assistant Coach,2,1610612748
1281,2021-03-30 17:18:05.73,2021-03-30 17:19:33.946,1281,Jay Sabol,Trainer,3,1610612748
1628784,2021-03-30 17:18:05.732,2021-03-30 17:19:34.14,1628784,Pat St. Andrews,Assistant Coach,2,1610612749
2649,2021-03-30 17:18:05.734,2021-03-30 17:19:34.146,2649,Chad Forcier,Assistant Coach,2,1610612749
203005,2021-03-30 17:18:05.737,2021-03-30 17:19:34.153,203005,Darvin Ham,Assistant Coach,2,1610612749
204224,2021-03-30 17:18:05.953,2021-03-30 17:19:34.177,204224,Ben Sullivan,Assistant Coach,2,1610612749
204225,2021-03-30 17:18:05.955,2021-03-30 17:19:34.185,204225,Charles Lee,Assistant Coach,2,1610612749
452,2021-03-30 17:18:05.973,2021-03-30 17:19:34.193,452,Vin Baker,Assistant Coach,2,1610612749
202896,2021-03-30 17:18:05.741,2021-03-30 17:19:34.391,202896,Chris Finch,Head Coach,1,1610612750
203150,2021-03-30 17:18:05.744,2021-03-30 17:19:34.398,203150,David Vanterpool,Associate Head Coach,9,1610612750
1628772,2021-03-30 17:18:05.746,2021-03-30 17:19:34.404,1628772,Kevin Burleson,Assistant Coach,2,1610612750
974,2021-03-30 17:18:05.748,2021-03-30 17:19:34.428,974,Joseph Blair,Assistant Coach,2,1610612750
2146,2021-03-30 17:18:05.752,2021-03-30 17:19:34.45,2146,Gregg Farnam,Trainer,3,1610612750
1277,2021-03-30 17:18:05.976,2021-03-30 17:19:34.638,1277,Stan Van Gundy,Head Coach,1,1610612740
201676,2021-03-30 17:18:05.978,2021-03-30 17:19:34.645,201676,Fred Vinson,Assistant Coach,2,1610612740
100101,2021-03-30 17:18:05.979,2021-03-30 17:19:34.676,100101,Teresa Weatherspoon,Assistant Coach,2,1610612740
203243,2021-03-30 17:18:05.754,2021-03-30 17:19:34.686,203243,Casey Hill,Assistant Coach,2,1610612740
777,2021-03-30 17:18:05.981,2021-03-30 17:19:34.693,777,Rex Walters,Assistant Coach,2,1610612740
1630382,2021-03-30 17:18:05.983,2021-03-30 17:19:34.7,1630382,Tom Maystadt,Trainer,3,1610612740
204008,2021-03-30 17:18:05.775,2021-03-30 17:19:34.903,204008,Johnnie Bryant,Associate Head Coach,9,1610612752
1630161,2021-03-30 17:18:05.777,2021-03-30 17:19:34.928,1630161,Kenny Payne,Lead Assistant Coach,13,1610612752
1285,2021-03-30 17:18:05.985,2021-03-30 17:19:34.936,1285,Mike Woodson,Assistant Coach,2,1610612752
2519,2021-03-30 17:18:05.78,2021-03-30 17:19:34.958,2519,Andy Greer,Assistant Coach,2,1610612752
101269,2021-03-30 17:18:05.782,2021-03-30 17:19:34.982,101269,Anthony Goenaga,Trainer,3,1610612752
1627327,2021-03-30 17:18:05.784,2021-03-30 17:19:35.185,1627327,Mark Daigneault,Head Coach,1,1610612760
1629423,2021-03-30 17:18:05.788,2021-03-30 17:19:35.246,1629423,Donnie Strack,Trainer,3,1610612760
2168,2021-03-30 17:18:05.791,2021-03-30 17:19:35.437,2168,Steve Clifford,Head Coach,1,1610612753
1627341,2021-03-30 17:18:05.987,2021-03-30 17:19:35.443,1627341,Mike Batiste,Assistant Coach,2,1610612753
2821,2021-03-30 17:18:05.793,2021-03-30 17:19:35.449,2821,Ty Corbin,Assistant Coach,2,1610612753
204004,2021-03-30 17:18:05.795,2021-03-30 17:19:35.455,204004,Steve Hetzel,Assistant Coach,2,1610612753
2720,2021-03-30 17:18:05.797,2021-03-30 17:19:35.504,2720,Ernest Eugene,Trainer,3,1610612753
2515,2021-03-30 17:18:05.798,2021-03-30 17:19:35.737,2515,Dan Burke,Assistant Coach,2,1610612755
202108,2021-03-30 17:18:05.8,2021-03-30 17:19:35.744,202108,Sam Cassell,Assistant Coach,2,1610612755
202434,2021-03-30 17:18:05.802,2021-03-30 17:19:35.751,202434,Popeye Jones,Assistant Coach,2,1610612755
201220,2021-03-30 17:18:05.804,2021-03-30 17:19:35.757,201220,David Joerger,Assistant Coach,2,1610612755
1360,2021-03-30 17:18:05.824,2021-03-30 17:19:35.78,1360,Kevin Johnson,Trainer,3,1610612755
101273,2021-03-30 17:18:05.826,2021-03-30 17:19:35.953,101273,Monty Williams,Head Coach,1,1610612756
202111,2021-03-30 17:18:05.827,2021-03-30 17:19:35.992,202111,Kevin Young,Assistant Coach,2,1610612756
1337,2021-03-30 17:18:05.829,2021-03-30 17:19:36.193,1337,Terry Stotts,Head Coach,1,1610612757
203170,2021-03-30 17:18:05.831,2021-03-30 17:19:36.234,203170,Dale Osbourne,Assistant Coach,2,1610612757
2457,2021-03-30 17:18:05.833,2021-03-30 17:19:36.248,2457,Jannero Pargo,Assistant Coach,2,1610612757
101272,2021-03-30 17:18:05.835,2021-03-30 17:19:36.254,101272,Geoff Clark,Trainer,3,1610612757
1243,2021-03-30 17:18:05.837,2021-03-30 17:19:36.487,1243,Alvin Gentry,Associate Head Coach,9,1610612758
1629711,2021-03-30 17:18:05.841,2021-03-30 17:19:36.494,1629711,Roy Rana,Assistant Coach,2,1610612758
1627331,2021-03-30 17:18:05.843,2021-03-30 17:19:36.576,1627331,Will Scott,Assistant Coach for Player Development,12,1610612758
203167,2021-03-30 17:18:05.845,2021-03-30 17:19:36.592,203167,Joe Resendez,Trainer,3,1610612758
873,2021-03-30 17:18:05.847,2021-03-30 17:19:36.793,873,Gregg Popovich,Head Coach,1,1610612759
1628188,2021-03-30 17:18:05.849,2021-03-30 17:19:36.8,1628188,Mitch Johnson,Assistant Coach,2,1610612759
2887,2021-03-30 17:18:05.854,2021-03-30 17:19:36.832,2887,Chip Engelland,Assistant Coach,2,1610612759
203606,2021-03-30 17:18:05.873,2021-03-30 17:19:37.038,203606,Nick Nurse,Head Coach,1,1610612761
1629821,2021-03-30 17:18:05.875,2021-03-30 17:19:37.045,1629821,Jon Goodwillie,Assistant Coach,2,1610612761
203604,2021-03-30 17:18:05.877,2021-03-30 17:19:37.051,203604,Jama Mahlalela,Assistant Coach,2,1610612761
1356,2021-03-30 17:18:05.879,2021-03-30 17:19:37.093,1356,Scott McCullough,Trainer,3,1610612761
202439,2021-03-30 17:18:05.881,2021-03-30 17:19:37.289,202439,Quin Snyder,Head Coach,1,1610612762
1627328,2021-03-30 17:18:05.885,2021-03-30 17:19:37.656,1627328,Jarell Christian,Assistant Coach,2,1610612764
1629412,2021-03-30 17:18:06.097,2021-03-30 17:19:30.386,1629412,Dan Liburd,Strength and Conditioning Coach,5,1610612751
1778,2021-03-30 17:18:06.084,2021-03-30 17:19:29.636,1778,Nate McMillan,Head Coach,1,1610612737
2607,2021-03-30 17:18:05.886,2021-03-30 17:19:29.648,2607,Chris Jent,Assistant Coach,2,1610612737
2384,2021-03-30 17:18:05.889,2021-03-30 17:19:29.657,2384,Melvin Hunt,Assistant Coach,2,1610612737
203753,2021-03-30 17:18:05.496,2021-03-30 17:19:30.632,203753,Ronald Nored,Assistant Coach,2,1610612766
1630017,2021-03-30 17:18:06.086,2021-03-30 17:19:29.705,1630017,John Dusel,Assistant Trainer,4,1610612737
202743,2021-03-30 17:18:05.675,2021-03-30 17:19:30.936,202743,John Bryant,Assistant Coach,2,1610612741
203535,2021-03-30 17:18:06.089,2021-03-30 17:19:29.941,203535,Brad Stevens,Head Coach,1,1610612738
1628807,2021-03-30 17:18:05.455,2021-03-30 17:19:29.949,1628807,Brandon Bailey,Assistant Coach,2,1610612738
1627666,2021-03-30 17:18:05.602,2021-03-30 17:19:32.351,1627666,Chris DeMarco,Assistant Coach for Player Development,12,1610612744
1627590,2021-03-30 17:18:06.091,2021-03-30 17:19:29.989,1627590,Jerome Allen,Assistant Coach,2,1610612738
203168,2021-03-30 17:18:05.48,2021-03-30 17:19:30.004,203168,Jay Larranaga,Assistant Coach,2,1610612738
2794,2021-03-30 17:18:06.099,2021-03-30 17:19:31.186,2794,JB Bickerstaff,Head Coach,1,1610612739
1628179,2021-03-30 17:18:06.094,2021-03-30 17:19:30.335,1628179,Royal Ivey,Assistant Coach,2,1610612751
201168,2021-03-30 17:18:05.901,2021-03-30 17:19:30.353,201168,Tiago Splitter,Assistant Coach for Player Development,12,1610612751
1335,2021-03-30 17:18:06.102,2021-03-30 17:19:32.041,1335,Dwane Casey,Head Coach,1,1610612765
202565,2021-03-30 17:18:05.538,2021-03-30 17:19:31.241,202565,Mike Gerrity,Assistant Coach,2,1610612739
204085,2021-03-30 17:18:05.588,2021-03-30 17:19:32.086,204085,Sean Sweeney,Assistant Coach,2,1610612765
202599,2021-03-30 17:18:06.1,2021-03-30 17:19:31.5,202599,Darrell Armstrong,Assistant Coach,2,1610612742
1628782,2021-03-30 17:18:05.546,2021-03-30 17:19:31.507,1628782,Mike Weinar,Assistant Coach,2,1610612742
203600,2021-03-30 17:18:05.575,2021-03-30 17:19:31.796,203600,David Adelman,Assistant Coach,2,1610612743
1497,2021-03-30 17:18:06.127,2021-03-30 17:19:33.094,1497,Chauncey Billups,Lead Assistant Coach,13,1610612746
204005,2021-03-30 17:18:06.104,2021-03-30 17:19:32.295,204005,Steve Kerr,Head Coach,1,1610612744
2205,2021-03-30 17:18:06.123,2021-03-30 17:19:32.599,2205,DeSagana Diop,Assistant Coach,2,1610612745
384,2021-03-30 17:18:05.938,2021-03-30 17:19:32.856,384,Calbert Cheaney,Assistant Coach,2,1610612754
203599,2021-03-30 17:18:06.126,2021-03-30 17:19:33.087,203599,Dan Craig,Associate Head Coach,9,1610612746
1630361,2021-03-30 17:18:06.129,2021-03-30 17:19:33.102,1630361,Jeremy Castleberry,Assistant Coach,2,1610612746
201689,2021-03-30 17:18:06.131,2021-03-30 17:19:33.108,201689,Roy Rogers,Assistant Coach,2,1610612746
201690,2021-03-30 17:18:06.133,2021-03-30 17:19:33.131,201690,Kenny Atkinson,Assistant Coach,2,1610612746
2814,2021-03-30 17:18:05.685,2021-03-30 17:19:33.145,2814,Brendan O'Connor,Assistant Coach,2,1610612746
2130,2021-03-30 17:18:05.697,2021-03-30 17:19:33.408,2130,Mike Penberthy,Assistant Coach,2,1610612747
1628472,2021-03-30 17:18:06.135,2021-03-30 17:19:33.402,1628472,Miles Simon,Assistant Coach,2,1610612747
204226,2021-03-30 17:18:05.728,2021-03-30 17:19:33.931,204226,Chris Quinn,Assistant Coach,2,1610612748
201766,2021-03-30 17:18:06.136,2021-03-30 17:19:33.432,201766,Nina Hsieh,Trainer,3,1610612747
1630290,2021-03-30 17:18:06.139,2021-03-30 17:19:33.638,1630290,Sonia Raman,Assistant Coach,2,1610612763
202433,2021-03-30 17:18:06.141,2021-03-30 17:19:33.645,202433,Vitaly Potapenko,Assistant Coach,2,1610612763
201336,2021-03-30 17:18:06.143,2021-03-30 17:19:33.697,201336,Blake Ahearn,Assistant Coach,2,1610612763
201682,2021-03-30 17:18:06.144,2021-03-30 17:19:33.939,201682,Octavio De La Grana,Assistant Coach for Player Development,12,1610612748
1371,2021-03-30 17:18:06.146,2021-03-30 17:19:34.134,1371,Mike Budenholzer,Head Coach,1,1610612749
201692,2021-03-30 17:18:05.739,2021-03-30 17:19:34.2,201692,Scott Faust,Trainer,3,1610612749
202109,2021-03-30 17:18:05.75,2021-03-30 17:19:34.443,202109,Bryan Gates,Assistant Coach,2,1610612750
203143,2021-03-30 17:18:06.148,2021-03-30 17:19:34.436,203143,Pablo Prigioni,Assistant Coach,2,1610612750
1301,2021-03-30 17:18:05.773,2021-03-30 17:19:34.895,1301,Tom Thibodeau,Head Coach,1,1610612752
1629432,2021-03-30 17:18:06.15,2021-03-30 17:19:34.707,1629432,Todd Campbell,Assistant Trainer,4,1610612740
1941,2021-03-30 17:18:06.154,2021-03-30 17:19:35.706,1941,Doc Rivers,Head Coach,1,1610612755
101173,2021-03-30 17:18:05.995,2021-03-30 17:19:36.006,101173,Mark Bryant,Assistant Coach,2,1610612756
1629410,2021-03-30 17:18:06.172,2021-03-30 17:19:36.03,1629410,David Crewe,Trainer,3,1610612756
202891,2021-03-30 17:18:06.175,2021-03-30 17:19:36.2,202891,Nate Tibbetts,Associate Head Coach,9,1610612757
1628240,2021-03-30 17:18:05.997,2021-03-30 17:19:36.207,1628240,John McCullough,Assistant Coach,2,1610612757
1627471,2021-03-30 17:18:06,2021-03-30 17:19:36.241,1627471,Jim Moran,Assistant Coach,2,1610612757
204012,2021-03-30 17:18:06.002,2021-03-30 17:19:36.478,204012,Luke Walton,Head Coach,1,1610612758
202985,2021-03-30 17:18:06.023,2021-03-30 17:19:36.544,202985,Bobby Jackson,Assistant Coach for Player Development,12,1610612758
1627971,2021-03-30 17:18:06.177,2021-03-30 17:19:36.585,1627971,Rico Hines,Assistant Coach for Player Development,12,1610612758
204019,2021-03-30 17:18:06.026,2021-03-30 17:19:36.839,204019,Becky Hammon,Assistant Coach,2,1610612759
1628181,2021-03-30 17:18:06.027,2021-03-30 17:19:36.846,1628181,Will Hardy,Assistant Coach,2,1610612759
1264,2021-03-30 17:18:06.029,2021-03-30 17:19:36.853,1264,Will Sevening,Trainer,3,1610612759
1629761,2021-03-30 17:18:06.031,2021-03-30 17:19:37.08,1629761,Fab Flournoy,Assistant Coach,2,1610612761
201878,2021-03-30 17:18:06.033,2021-03-30 17:19:37.087,201878,Adrian Griffin,Assistant Coach,2,1610612761
1630282,2021-03-30 17:18:06.035,2021-03-30 17:19:37.296,1630282,Sergi Oliva,Assistant Coach,2,1610612762
2039,2021-03-30 17:18:06.036,2021-03-30 17:19:37.302,2039,Keyon Dooling,Assistant Coach,2,1610612762
725,2021-03-30 17:18:06.038,2021-03-30 17:19:37.326,725,Dell Demps,Assistant Coach,2,1610612762
204007,2021-03-30 17:18:06.041,2021-03-30 17:19:37.333,204007,Alex Jensen,Assistant Coach,2,1610612762
1628216,2021-03-30 17:18:06.045,2021-03-30 17:19:37.346,1628216,Bryan Bailey,Assistant Coach,2,1610612762
1630280,2021-03-30 17:18:06.18,2021-03-30 17:19:37.352,1630280,Vince Legarza,Assistant Coach,2,1610612762
1630281,2021-03-30 17:18:06.047,2021-03-30 17:19:37.358,1630281,Lamar Skeeter,Assistant Coach,2,1610612762
1997,2021-03-30 17:18:06.049,2021-03-30 17:19:37.38,1997,Mike Wells,Assistant Coach,2,1610612762
101277,2021-03-30 17:18:06.051,2021-03-30 17:19:37.394,101277,Brian Zettler,Trainer,3,1610612762
1655,2021-03-30 17:18:06.054,2021-03-30 17:19:37.604,1655,Tony Brown,Associate Head Coach,9,1610612764
1630364,2021-03-30 17:18:06.074,2021-03-30 17:19:37.628,1630364,David Atkins,Assistant Coach,2,1610612764
201665,2021-03-30 17:18:06.077,2021-03-30 17:19:37.635,201665,MIke Longabardi,Assistant Coach,2,1610612764
202105,2021-03-30 17:18:06.08,2021-03-30 17:19:37.642,202105,Robert Pack,Assistant Coach,2,1610612764
203601,2021-03-30 17:18:06.182,2021-03-30 17:19:37.649,203601,Mike Terpstra,Assistant Coach,2,1610612764
200744,2021-03-30 17:18:06.184,2021-03-30 17:19:37.69,200744,Corey Gaines,Assistant Coach,2,1610612764
203375,2021-03-30 17:18:05.631,2021-03-30 17:19:34.943,203375,Darren Erman,Assistant Coach,2,1610612752
1628178,2021-03-30 17:18:05.786,2021-03-30 17:19:35.232,1628178,Vin Bhavnani,Assistant Coach,2,1610612760
1627164,2021-03-30 17:18:05.989,2021-03-30 17:19:35.49,1627164,Bruce Kreutzer,Assistant Coach,2,1610612753
1627336,2021-03-30 17:18:06.152,2021-03-30 17:19:35.497,1627336,Dylan Murphy,Assistant Coach,2,1610612753
1629169,2021-03-30 17:18:05.646,2021-03-30 17:19:35.73,1629169,Brian Adams,Assistant Coach,2,1610612755
1628228,2021-03-30 17:18:05.992,2021-03-30 17:19:35.999,1628228,Willie Green,Assistant Coach,2,1610612756
203605,2021-03-30 17:18:06.004,2021-03-30 17:19:36.509,203605,Jesse Mermuys,Assistant Coach,2,1610612758
1672,2021-03-30 17:18:05.839,2021-03-30 17:19:36.537,1672,Rex Kalamian,Assistant Coach,2,1610612758
278,2021-03-30 17:18:05.673,2021-03-30 17:19:36.552,278,Stacey Augmon,Assistant Coach for Player Development,12,1610612758
2443,2021-03-30 17:18:05.852,2021-03-30 17:19:36.808,2443,Darius Songaila,Assistant Coach,2,1610612759
1629144,2021-03-30 17:18:06.179,2021-03-30 17:19:37.057,1629144,Sergio Scariolo,Assistant Coach,2,1610612761
1626233,2021-03-30 17:18:06.043,2021-03-30 17:19:37.34,1626233,Jeff Watkinson,Assistant Coach,2,1610612762
101203,2021-03-30 17:18:05.883,2021-03-30 17:19:37.387,101203,Eric Waters,Trainer,3,1610612762
2623,2021-03-30 17:18:06.052,2021-03-30 17:19:37.595,2623,Scott Brooks,Head Coach,1,1610612764
1630363,2021-03-30 17:18:06.082,2021-03-30 17:19:37.683,1630363,Dean Oliver,Assistant Coach,2,1610612764
