id,createdAt,updatedAt,handle,name,slug,height,weight,number,position,teamId
1627739,2021-03-30 17:18:03.992,2021-03-30 17:19:29.627,1627739,Kris Dunn,kris-dunn,6-3,205,32,G,1610612737
1627759,2021-03-30 17:18:03.778,2021-03-30 17:19:29.753,1627759,Jaylen Brown,jaylen-brown,6-6,223,7,G-F,1610612738
202689,2021-03-30 17:18:03.782,2021-03-30 17:19:29.778,202689,Kemba Walker,kemba-walker,6-0,184,8,G,1610612738
1629684,2021-03-30 17:18:03.784,2021-03-30 17:19:29.794,1629684,Grant Williams,grant-williams,6-6,236,12,F,1610612738
1628400,2021-03-30 17:18:03.787,2021-03-30 17:19:29.85,1628400,Semi Ojeleye,semi-ojeleye,6-6,240,37,F,1610612738
1629641,2021-03-30 17:18:03.792,2021-03-30 17:19:29.891,1629641,Romeo Langford,romeo-langford,6-4,216,45,G-F,1610612738
1629682,2021-03-30 17:18:03.794,2021-03-30 17:19:29.899,1629682,Tremont Waters,tremont-waters,5-10,175,51,G,1610612738
1629605,2021-03-30 17:18:03.796,2021-03-30 17:19:29.933,1629605,Tacko Fall,tacko-fall,7-5,311,99,C,1610612738
201933,2021-03-30 17:18:03.994,2021-03-30 17:19:30.055,201933,Blake Griffin,blake-griffin,6-9,250,2,F,1610612751
1629185,2021-03-30 17:18:03.799,2021-03-30 17:19:30.081,1629185,Chris Chiozza,chris-chiozza,5-11,175,4,G,1610612751
201142,2021-03-30 17:18:03.801,2021-03-30 17:19:30.097,201142,Kevin Durant,kevin-durant,6-10,240,7,F,1610612751
1627789,2021-03-30 17:18:03.803,2021-03-30 17:19:30.131,1627789,Timothe Luwawu-Cabarrot,timothe-luwawu-cabarrot,6-7,220,9,G-F,1610612751
202681,2021-03-30 17:18:03.822,2021-03-30 17:19:30.148,202681,Kyrie Irving,kyrie-irving,6-2,195,11,G,1610612751
201935,2021-03-30 17:18:03.996,2021-03-30 17:19:30.191,201935,James Harden,james-harden,6-5,220,13,G,1610612751
1628970,2021-03-30 17:18:03.825,2021-03-30 17:19:30.399,1628970,Miles Bridges,miles-bridges,6-6,225,0,F,1610612766
1628370,2021-03-30 17:18:03.827,2021-03-30 17:19:30.408,1628370,Malik Monk,malik-monk,6-3,200,1,G,1610612766
1626179,2021-03-30 17:18:03.829,2021-03-30 17:19:30.443,1626179,Terry Rozier,terry-rozier,6-1,190,3,G,1610612766
1628984,2021-03-30 17:18:03.832,2021-03-30 17:19:30.451,1628984,Devonte' Graham,devonte-graham,6-1,195,4,G,1610612766
1629667,2021-03-30 17:18:03.834,2021-03-30 17:19:30.478,1629667,Jalen McDaniels,jalen-mcdaniels,6-9,205,6,F-C,1610612766
202687,2021-03-30 17:18:03.836,2021-03-30 17:19:30.496,202687,Bismack Biyombo,bismack-biyombo,6-8,255,8,C,1610612766
202954,2021-03-30 17:18:03.838,2021-03-30 17:19:30.505,202954,Brad Wanamaker,brad-wanamaker,6-3,210,9,G,1610612766
1628998,2021-03-30 17:18:03.843,2021-03-30 17:19:30.537,1628998,Cody Martin,cody-martin,6-5,205,11,F,1610612766
202330,2021-03-30 17:18:03.846,2021-03-30 17:19:30.553,202330,Gordon Hayward,gordon-hayward,6-7,225,20,F,1610612766
1629023,2021-03-30 17:18:03.848,2021-03-30 17:19:30.586,1629023,P.J. Washington,pj-washington,6-7,230,25,F,1610612766
203469,2021-03-30 17:18:03.85,2021-03-30 17:19:30.601,203469,Cody Zeller,cody-zeller,6-11,240,40,F-C,1610612766
1629632,2021-03-30 17:18:03.852,2021-03-30 17:19:30.692,1629632,Coby White,coby-white,6-5,195,0,G,1610612741
1628972,2021-03-30 17:18:03.999,2021-03-30 17:19:30.744,1628972,Troy Brown Jr.,troy-brown-jr,6-6,215,7,G-F,1610612741
1629750,2021-03-30 17:18:03.873,2021-03-30 17:19:30.786,1629750,Javonte Green,javonte-green,6-4,205,11,G-F,1610612741
1628464,2021-03-30 17:18:03.855,2021-03-30 17:19:30.843,1628464,Daniel Theis,daniel-theis,6-8,245,27,F-C,1610612741
1629685,2021-03-30 17:18:04.001,2021-03-30 17:19:31.033,1629685,Dylan Windler,dylan-windler,6-6,196,9,G-F,1610612739
1628422,2021-03-30 17:18:04.003,2021-03-30 17:19:31.094,1628422,Damyean Dotson,damyean-dotson,6-5,210,21,G,1610612739
1629731,2021-03-30 17:18:04.005,2021-03-30 17:19:31.146,1629731,Dean Wade,dean-wade,6-9,228,32,F-C,1610612739
204001,2021-03-30 17:18:04.023,2021-03-30 17:19:31.338,204001,Kristaps Porzingis,kristaps-porzingis,7-3,240,6,F-C,1610612742
1628973,2021-03-30 17:18:04.026,2021-03-30 17:19:31.393,1628973,Jalen Brunson,jalen-brunson,6-1,190,13,G,1610612742
203210,2021-03-30 17:18:04.028,2021-03-30 17:19:31.578,203210,JaMychal Green,jamychal-green,6-8,227,0,F-C,1610612743
1629645,2021-03-30 17:18:03.876,2021-03-30 17:19:32.43,1629645,Kevin Porter Jr.,kevin-porter-jr,6-4,203,3,G-F,1610612745
201587,2021-03-30 17:18:03.878,2021-03-30 17:19:33.04,201587,Nicolas Batum,nicolas-batum,6-8,230,33,G-F,1610612746
1629066,2021-03-30 17:18:03.88,2021-03-30 17:19:33.984,1629066,Rodions Kurucs,rodions-kurucs,6-9,228,00,F,1610612749
1630167,2021-03-30 17:18:03.882,2021-03-30 17:19:34.743,1630167,Obi Toppin,obi-toppin,6-9,220,1,F,1610612752
1630193,2021-03-30 17:18:03.885,2021-03-30 17:19:34.78,1630193,Immanuel Quickley,immanuel-quickley,6-3,190,5,G,1610612752
1630177,2021-03-30 17:18:03.887,2021-03-30 17:19:35.046,1630177,Theo Maledon,theo-maledon,6-4,175,11,G,1610612760
1630197,2021-03-30 17:18:03.892,2021-03-30 17:19:35.104,1630197,Aleksej Pokusevski,aleksej-pokusevski,7-0,190,17,C,1610612760
1629676,2021-03-30 17:18:03.894,2021-03-30 17:19:35.129,1629676,Isaiah Roby,isaiah-roby,6-8,230,22,F,1610612760
1628371,2021-03-30 17:18:03.897,2021-03-30 17:19:35.256,1628371,Jonathan Isaac,jonathan-isaac,6-11,230,1,F,1610612753
1629643,2021-03-30 17:18:03.899,2021-03-30 17:19:35.281,1629643,Chuma Okeke,chuma-okeke,6-6,229,3,F,1610612753
1630211,2021-03-30 17:18:03.902,2021-03-30 17:19:35.288,1630211,Karim Mane,karim-mane,6-3,190,4,G,1610612753
1628407,2021-03-30 17:18:03.905,2021-03-30 17:19:35.326,1628407,Dwayne Bacon,dwayne-bacon,6-6,221,8,G-F,1610612753
203516,2021-03-30 17:18:03.923,2021-03-30 17:19:35.334,203516,James Ennis III,james-ennis-iii,6-6,215,11,F,1610612753
1630175,2021-03-30 17:18:03.926,2021-03-30 17:19:35.43,1630175,Cole Anthony,cole-anthony,6-2,185,50,G,1610612753
1630178,2021-03-30 17:18:03.928,2021-03-30 17:19:35.533,1630178,Tyrese Maxey,tyrese-maxey,6-2,200,0,G,1610612755
1630198,2021-03-30 17:18:03.93,2021-03-30 17:19:35.548,1630198,Isaiah Joe,isaiah-joe,6-4,165,7,G,1610612755
1630194,2021-03-30 17:18:03.932,2021-03-30 17:19:35.699,1630194,Paul Reed,paul-reed,6-9,210,44,F,1610612755
1630234,2021-03-30 17:18:03.934,2021-03-30 17:19:35.79,1630234,Ty-Shon Alexander,ty-shon-alexander,6-3,195,0,G,1610612756
1630188,2021-03-30 17:18:03.936,2021-03-30 17:19:35.847,1630188,Jalen Smith,jalen-smith,6-10,215,10,F-C,1610612756
202683,2021-03-30 17:18:03.939,2021-03-30 17:19:36.108,202683,Enes Kanter,enes-kanter,6-10,250,11,C,1610612757
1629604,2021-03-30 17:18:03.941,2021-03-30 17:19:36.132,1629604,CJ Elleby,cj-elleby,6-6,200,16,F-G,1610612757
1626181,2021-03-30 17:18:03.946,2021-03-30 17:19:36.153,1626181,Norman Powell,norman-powell,6-3,215,24,G,1610612757
1630169,2021-03-30 17:18:03.949,2021-03-30 17:19:36.282,1630169,Tyrese Haliburton,tyrese-haliburton,6-5,185,0,G,1610612758
1630186,2021-03-30 17:18:03.951,2021-03-30 17:19:36.297,1630186,Jahmi'us Ramsey,jahmius-ramsey,6-3,190,3,G,1610612758
1630218,2021-03-30 17:18:03.954,2021-03-30 17:19:36.349,1630218,Robert Woodard II,robert-woodard-ii,6-6,235,13,F,1610612758
1630170,2021-03-30 17:18:03.973,2021-03-30 17:19:36.739,1630170,Devin Vassell,devin-vassell,6-5,200,24,G-F,1610612759
1630200,2021-03-30 17:18:03.976,2021-03-30 17:19:36.776,1630200,Tre Jones,tre-jones,6-1,185,33,G,1610612759
1630223,2021-03-30 17:18:03.978,2021-03-30 17:19:36.888,1630223,Jalen Harris,jalen-harris,6-5,195,2,G,1610612761
1630201,2021-03-30 17:18:03.98,2021-03-30 17:19:36.931,1630201,Malachi Flynn,malachi-flynn,6-1,175,8,G,1610612761
1630235,2021-03-30 17:18:03.982,2021-03-30 17:19:37.134,1630235,Trent Forrest,trent-forrest,6-4,210,3,G,1610612762
1628962,2021-03-30 17:18:03.984,2021-03-30 17:19:37.193,1628962,Udoka Azubuike,udoka-azubuike,6-10,280,20,C-F,1610612762
1630190,2021-03-30 17:18:03.987,2021-03-30 17:19:37.245,1630190,Elijah Hughes,elijah-hughes,6-5,215,33,G,1610612762
200755,2021-03-30 17:18:04.224,2021-03-30 17:19:31.331,200755,JJ Redick,jj-redick,6-3,200,4,G,1610612742
1626161,2021-03-30 17:18:04.227,2021-03-30 17:19:31.432,1626161,Willie Cauley-Stein,willie-cauley-stein,7-0,240,33,C,1610612742
1628420,2021-03-30 17:18:04.03,2021-03-30 17:19:31.65,1628420,Monte Morris,monte-morris,6-2,183,11,G,1610612743
1627750,2021-03-30 17:18:04.229,2021-03-30 17:19:31.696,1627750,Jamal Murray,jamal-murray,6-3,215,27,G,1610612743
1628372,2021-03-30 17:18:04.232,2021-03-30 17:19:31.842,1628372,Dennis Smith Jr.,dennis-smith-jr,6-2,205,0,G,1610612765
203486,2021-03-30 17:18:04.033,2021-03-30 17:19:31.954,203486,Mason Plumlee,mason-plumlee,6-11,254,24,F-C,1610612765
1629076,2021-03-30 17:18:04.036,2021-03-30 17:19:31.977,1629076,Tyler Cook,tyler-cook,6-8,255,25,F,1610612765
1629346,2021-03-30 17:18:04.038,2021-03-30 17:19:32.176,1629346,Alen Smailagic,alen-smailagic,6-10,215,6,F,1610612744
1629672,2021-03-30 17:18:04.041,2021-03-30 17:19:32.184,1629672,Eric Paschall,eric-paschall,6-6,255,7,F,1610612744
1628539,2021-03-30 17:18:04.044,2021-03-30 17:19:32.208,1628539,Mychal Mulder,mychal-mulder,6-3,184,15,G,1610612744
203110,2021-03-30 17:18:04.046,2021-03-30 17:19:32.242,203110,Draymond Green,draymond-green,6-6,230,23,F,1610612744
1629308,2021-03-30 17:18:04.048,2021-03-30 17:19:32.288,1629308,Juan Toscano-Anderson,juan-toscano-anderson,6-6,209,95,F,1610612744
202340,2021-03-30 17:18:04.053,2021-03-30 17:19:32.485,202340,Avery Bradley,avery-bradley,6-3,180,9,G,1610612745
1628383,2021-03-30 17:18:04.073,2021-03-30 17:19:32.531,1628383,Justin Patton,justin-patton,6-11,241,26,C,1610612745
203482,2021-03-30 17:18:04.051,2021-03-30 17:19:32.553,203482,Kelly Olynyk,kelly-olynyk,6-11,240,41,F-C,1610612745
203933,2021-03-30 17:18:04.234,2021-03-30 17:19:32.656,203933,T.J. Warren,tj-warren,6-8,220,1,F,1610612754
1628988,2021-03-30 17:18:04.237,2021-03-30 17:19:32.688,1628988,Aaron Holiday,aaron-holiday,6-0,185,3,G,1610612754
1627763,2021-03-30 17:18:04.077,2021-03-30 17:19:32.7,1627763,Malcolm Brogdon,malcolm-brogdon,6-5,229,7,G,1610612754
204456,2021-03-30 17:18:04.08,2021-03-30 17:19:32.73,204456,T.J. McConnell,tj-mcconnell,6-1,190,9,G,1610612754
1629048,2021-03-30 17:18:04.241,2021-03-30 17:19:32.827,1629048,Goga Bitadze,goga-bitadze,6-11,250,88,C-F,1610612754
202694,2021-03-30 17:18:04.082,2021-03-30 17:19:32.98,202694,Marcus Morris Sr.,marcus-morris-sr,6-8,218,8,F,1610612746
201976,2021-03-30 17:18:04.084,2021-03-30 17:19:33.033,201976,Patrick Beverley,patrick-beverley,6-1,180,21,G,1610612746
203484,2021-03-30 17:18:04.087,2021-03-30 17:19:33.191,203484,Kentavious Caldwell-Pope,kentavious-caldwell-pope,6-5,204,1,G,1610612747
203083,2021-03-30 17:18:04.204,2021-03-30 17:19:33.198,203083,Andre Drummond,andre-drummond,6-10,279,3,C,1610612747
1629659,2021-03-30 17:18:04.245,2021-03-30 17:19:33.238,1629659,Talen Horton-Tucker,talen-horton-tucker,6-4,234,5,G,1610612747
202083,2021-03-30 17:18:04.089,2021-03-30 17:19:33.246,202083,Wesley Matthews,wesley-matthews,6-4,220,9,G,1610612747
201162,2021-03-30 17:18:04.092,2021-03-30 17:19:33.253,201162,Jared Dudley,jared-dudley,6-6,237,10,F,1610612747
1629719,2021-03-30 17:18:04.094,2021-03-30 17:19:33.277,1629719,Devontae Cacok,devontae-cacok,6-7,240,12,F,1610612747
1628035,2021-03-30 17:18:04.099,2021-03-30 17:19:33.331,1628035,Alfonzo McKinnie,alfonzo-mckinnie,6-7,215,28,F,1610612747
1628961,2021-03-30 17:18:04.101,2021-03-30 17:19:33.338,1628961,Kostas Antetokounmpo,kostas-antetokounmpo,6-10,200,37,F,1610612747
1626159,2021-03-30 17:18:04.103,2021-03-30 17:19:33.498,1626159,Justise Winslow,justise-winslow,6-6,222,7,F-G,1610612763
1629634,2021-03-30 17:18:04.123,2021-03-30 17:19:33.538,1629634,Brandon Clarke,brandon-clarke,6-8,215,15,F,1610612763
1629639,2021-03-30 17:18:04.126,2021-03-30 17:19:33.8,1629639,Tyler Herro,tyler-herro,6-5,195,14,G,1610612748
1629134,2021-03-30 17:18:04.248,2021-03-30 17:19:33.831,1629134,Kendrick Nunn,kendrick-nunn,6-2,190,25,G,1610612748
2738,2021-03-30 17:18:04.128,2021-03-30 17:19:33.839,2738,Andre Iguodala,andre-iguodala,6-6,215,28,G-F,1610612748
1629130,2021-03-30 17:18:04.13,2021-03-30 17:19:33.877,1629130,Duncan Robinson,duncan-robinson,6-7,215,55,F,1610612748
1626171,2021-03-30 17:18:04.132,2021-03-30 17:19:33.999,1626171,Bobby Portis,bobby-portis,6-10,250,9,F,1610612749
200782,2021-03-30 17:18:04.135,2021-03-30 17:19:34.044,200782,P.J. Tucker,pj-tucker,6-5,245,17,F,1610612749
1626192,2021-03-30 17:18:04.137,2021-03-30 17:19:34.082,1626192,Pat Connaughton,pat-connaughton,6-5,209,24,G,1610612749
203507,2021-03-30 17:18:04.252,2021-03-30 17:19:34.097,203507,Giannis Antetokounmpo,giannis-antetokounmpo,6-11,242,34,F,1610612749
1629669,2021-03-30 17:18:04.255,2021-03-30 17:19:34.253,1629669,Jaylen Nowell,jaylen-nowell,6-4,201,4,G,1610612750
1629675,2021-03-30 17:18:04.139,2021-03-30 17:19:34.332,1629675,Naz Reid,naz-reid,6-9,264,11,C-F,1610612750
1628366,2021-03-30 17:18:04.142,2021-03-30 17:19:34.485,1628366,Lonzo Ball,lonzo-ball,6-6,190,2,G,1610612740
1628404,2021-03-30 17:18:04.273,2021-03-30 17:19:34.492,1628404,Josh Hart,josh-hart,6-5,215,3,G,1610612740
202339,2021-03-30 17:18:04.144,2021-03-30 17:19:34.505,202339,Eric Bledsoe,eric-bledsoe,6-1,214,5,G,1610612740
201949,2021-03-30 17:18:04.276,2021-03-30 17:19:34.597,201949,James Johnson,james-johnson,6-7,240,16,F,1610612740
201565,2021-03-30 17:18:04.28,2021-03-30 17:19:34.756,201565,Derrick Rose,derrick-rose,6-2,200,4,G,1610612752
1628373,2021-03-30 17:18:04.147,2021-03-30 17:19:34.802,1628373,Frank Ntilikina,frank-ntilikina,6-4,200,11,G,1610612752
202692,2021-03-30 17:18:04.282,2021-03-30 17:19:34.826,202692,Alec Burks,alec-burks,6-6,214,18,G,1610612752
1629011,2021-03-30 17:18:04.284,2021-03-30 17:19:34.848,1629011,Mitchell Robinson,mitchell-robinson,7-0,240,23,C-F,1610612752
203493,2021-03-30 17:18:04.286,2021-03-30 17:19:34.855,203493,Reggie Bullock,reggie-bullock,6-6,205,25,G-F,1610612752
203944,2021-03-30 17:18:04.149,2021-03-30 17:19:34.878,203944,Julius Randle,julius-randle,6-8,250,30,F-C,1610612752
1628983,2021-03-30 17:18:04.151,2021-03-30 17:19:35,1628983,Shai Gilgeous-Alexander,shai-gilgeous-alexander,6-6,180,2,G-F,1610612760
1629652,2021-03-30 17:18:04.289,2021-03-30 17:19:35.007,1629652,Luguentz Dort,luguentz-dort,6-3,215,5,G,1610612760
1629650,2021-03-30 17:18:04.154,2021-03-30 17:19:35.039,1629650,Moses Brown,moses-brown,7-2,245,9,C,1610612760
203914,2021-03-30 17:18:04.173,2021-03-30 17:19:35.348,203914,Gary Harris,gary-harris,6-4,210,14,G,1610612753
201588,2021-03-30 17:18:04.176,2021-03-30 17:19:35.685,201588,George Hill,george-hill,6-4,188,33,G,1610612755
204038,2021-03-30 17:18:04.178,2021-03-30 17:19:35.803,204038,Langston Galloway,langston-galloway,6-1,200,2,G,1610612756
203496,2021-03-30 17:18:04.18,2021-03-30 17:19:36.146,203496,Robert Covington,robert-covington,6-7,209,23,F,1610612757
201988,2021-03-30 17:18:04.183,2021-03-30 17:19:36.648,201988,Patty Mills,patty-mills,6-1,180,8,G,1610612759
1628384,2021-03-30 17:18:04.185,2021-03-30 17:19:36.895,1628384,OG Anunoby,og-anunoby,6-7,232,3,F,1610612761
1629714,2021-03-30 17:18:04.187,2021-03-30 17:19:37.141,1629714,Jarrell Brantley,jarrell-brantley,6-5,250,5,F,1610612762
1630216,2021-03-30 17:18:04.192,2021-03-30 17:19:37.436,1630216,Cassius Winston,cassius-winston,6-1,185,5,G,1610612764
1630166,2021-03-30 17:18:04.194,2021-03-30 17:19:37.45,1630166,Deni Avdija,deni-avdija,6-9,210,9,F,1610612764
201577,2021-03-30 17:18:04.197,2021-03-30 17:19:37.508,201577,Robin Lopez,robin-lopez,7-0,281,15,C,1610612764
1630264,2021-03-30 17:18:04.199,2021-03-30 17:19:37.531,1630264,Anthony Gill,anthony-gill,6-7,230,16,F,1610612764
1629662,2021-03-30 17:18:04.35,2021-03-30 17:18:04.35,1629662,Mfiondu Kabengele,mfiondu-kabengele,6-9,250,25,F-C,
203953,2021-03-30 17:18:04.353,2021-03-30 17:18:04.353,203953,Jabari Parker,jabari-parker,6-8,245,33,F,
203521,2021-03-30 17:18:04.403,2021-03-30 17:19:31.086,203521,Matthew Dellavedova,matthew-dellavedova,6-3,200,18,G,1610612739
203939,2021-03-30 17:18:04.422,2021-03-30 17:19:31.346,203939,Dwight Powell,dwight-powell,6-10,240,7,F-C,1610612742
203115,2021-03-30 17:18:04.425,2021-03-30 17:19:31.627,203115,Will Barton,will-barton,6-6,181,5,G,1610612743
1629626,2021-03-30 17:18:04.429,2021-03-30 17:19:31.642,1629626,Bol Bol,bol-bol,7-2,220,10,C-F,1610612743
1629109,2021-03-30 17:18:04.432,2021-03-30 17:19:31.657,1629109,Gary Clark,gary-clark,6-6,225,12,F,1610612743
1628427,2021-03-30 17:18:04.434,2021-03-30 17:19:31.702,1628427,Vlatko Cancar,vlatko-cancar,6-8,236,31,F,1610612743
201580,2021-03-30 17:18:04.427,2021-03-30 17:19:31.727,201580,JaVale McGee,javale-mcgee,7-0,270,34,C-F,1610612743
1628408,2021-03-30 17:18:04.436,2021-03-30 17:19:31.736,1628408,PJ Dozier,pj-dozier,6-6,205,35,G-F,1610612743
203585,2021-03-30 17:18:04.438,2021-03-30 17:19:31.931,203585,Rodney McGruder,rodney-mcgruder,6-4,205,17,G,1610612765
1628367,2021-03-30 17:18:04.44,2021-03-30 17:19:31.946,1628367,Josh Jackson,josh-jackson,6-8,207,20,G-F,1610612765
1626172,2021-03-30 17:18:04.443,2021-03-30 17:19:32.151,1626172,Kevon Looney,kevon-looney,6-9,222,5,F,1610612744
201939,2021-03-30 17:18:04.446,2021-03-30 17:19:32.257,201939,Stephen Curry,stephen-curry,6-3,185,30,G,1610612744
1628425,2021-03-30 17:18:04.448,2021-03-30 17:19:32.386,1628425,Sterling Brown,sterling-brown,6-5,219,0,G-F,1610612745
201571,2021-03-30 17:18:04.452,2021-03-30 17:19:32.5,201571,D.J. Augustin,dj-augustin,5-11,183,14,G,1610612745
1628968,2021-03-30 17:18:04.455,2021-03-30 17:19:32.737,1628968,Brian Bowen II,brian-bowen-ii,6-6,190,10,F-G,1610612754
1626167,2021-03-30 17:18:04.473,2021-03-30 17:19:32.803,1626167,Myles Turner,myles-turner,6-11,250,33,C-F,1610612754
202704,2021-03-30 17:18:04.476,2021-03-30 17:19:32.908,202704,Reggie Jackson,reggie-jackson,6-2,208,1,G,1610612746
202695,2021-03-30 17:18:04.479,2021-03-30 17:19:32.93,202695,Kawhi Leonard,kawhi-leonard,6-7,225,2,F,1610612746
1628379,2021-03-30 17:18:04.481,2021-03-30 17:19:32.945,1628379,Luke Kennard,luke-kennard,6-5,206,5,G,1610612746
200765,2021-03-30 17:18:04.483,2021-03-30 17:19:32.952,200765,Rajon Rondo,rajon-rondo,6-1,180,7,G,1610612746
202331,2021-03-30 17:18:04.485,2021-03-30 17:19:33.001,202331,Paul George,paul-george,6-8,220,13,F,1610612746
202335,2021-03-30 17:18:04.487,2021-03-30 17:19:33.054,202335,Patrick Patterson,patrick-patterson,6-8,235,54,F,1610612746
1627936,2021-03-30 17:18:04.49,2021-03-30 17:19:33.23,1627936,Alex Caruso,alex-caruso,6-4,186,4,G,1610612747
1629630,2021-03-30 17:18:04.492,2021-03-30 17:19:33.507,1629630,Ja Morant,ja-morant,6-3,174,12,G,1610612763
202685,2021-03-30 17:18:04.495,2021-03-30 17:19:33.546,202685,Jonas Valanciunas,jonas-valanciunas,6-11,265,17,C,1610612763
1629723,2021-03-30 17:18:04.497,2021-03-30 17:19:33.607,1629723,John Konchar,john-konchar,6-5,210,46,G,1610612763
2772,2021-03-30 17:18:04.499,2021-03-30 17:19:33.778,2772,Trevor Ariza,trevor-ariza,6-8,215,8,F,1610612748
1629644,2021-03-30 17:18:04.501,2021-03-30 17:19:33.786,1629644,KZ Okpala,kz-okpala,6-8,215,11,F-G,1610612748
1628389,2021-03-30 17:18:04.503,2021-03-30 17:19:33.793,1628389,Bam Adebayo,bam-adebayo,6-9,255,13,C-F,1610612748
201572,2021-03-30 17:18:04.523,2021-03-30 17:19:34.006,201572,Brook Lopez,brook-lopez,7-0,282,11,C,1610612749
1626156,2021-03-30 17:18:04.527,2021-03-30 17:19:34.229,1626156,D'Angelo Russell,dangelo-russell,6-4,193,0,G,1610612750
1629020,2021-03-30 17:18:04.529,2021-03-30 17:19:34.291,1629020,Jarred Vanderbilt,jarred-vanderbilt,6-9,214,8,F,1610612750
1627742,2021-03-30 17:18:04.532,2021-03-30 17:19:34.59,1627742,Brandon Ingram,brandon-ingram,6-8,190,14,F,1610612740
203901,2021-03-30 17:18:04.534,2021-03-30 17:19:34.787,203901,Elfrid Payton,elfrid-payton,6-3,195,6,G,1610612752
201959,2021-03-30 17:18:04.536,2021-03-30 17:19:34.887,201959,Taj Gibson,taj-gibson,6-9,232,67,F,1610612752
1629660,2021-03-30 17:18:04.538,2021-03-30 17:19:35.098,1629660,Ty Jerome,ty-jerome,6-5,195,16,G-F,1610612760
203488,2021-03-30 17:18:04.54,2021-03-30 17:19:35.137,203488,Mike Muscala,mike-muscala,6-10,240,33,F-C,1610612760
201143,2021-03-30 17:18:04.543,2021-03-30 17:19:35.151,201143,Al Horford,al-horford,6-9,240,42,C-F,1610612760
1628382,2021-03-30 17:18:04.291,2021-03-30 17:19:35.157,1628382,Justin Jackson,justin-jackson,6-8,220,44,F,1610612760
1628964,2021-03-30 17:18:04.545,2021-03-30 17:19:35.295,1628964,Mo Bamba,mo-bamba,7-0,231,5,C,1610612753
1628365,2021-03-30 17:18:04.547,2021-03-30 17:19:35.354,1628365,Markelle Fultz,markelle-fultz,6-3,209,20,G,1610612753
203920,2021-03-30 17:18:04.294,2021-03-30 17:19:35.386,203920,Khem Birch,khem-birch,6-9,233,24,C,1610612753
203082,2021-03-30 17:18:04.55,2021-03-30 17:19:35.4,203082,Terrence Ross,terrence-ross,6-6,206,31,G-F,1610612753
1627788,2021-03-30 17:18:04.296,2021-03-30 17:19:35.654,1627788,Furkan Korkmaz,furkan-korkmaz,6-7,202,30,G-F,1610612755
1628975,2021-03-30 17:18:04.298,2021-03-30 17:19:35.832,1628975,Jevon Carter,jevon-carter,6-1,200,4,G,1610612756
1629028,2021-03-30 17:18:04.301,2021-03-30 17:19:35.899,1629028,Deandre Ayton,deandre-ayton,6-11,250,22,C,1610612756
1629661,2021-03-30 17:18:04.304,2021-03-30 17:19:35.906,1629661,Cameron Johnson,cameron-johnson,6-8,210,23,F,1610612756
1629642,2021-03-30 17:18:04.327,2021-03-30 17:19:36.102,1629642,Nassir Little,nassir-little,6-5,220,9,F-G,1610612757
203994,2021-03-30 17:18:04.331,2021-03-30 17:19:36.176,203994,Jusuf Nurkic,jusuf-nurkic,6-11,290,27,C,1610612757
1628368,2021-03-30 17:18:04.333,2021-03-30 17:19:36.305,1628368,De'Aaron Fox,deaaron-fox,6-3,185,5,G,1610612758
203090,2021-03-30 17:18:04.336,2021-03-30 17:19:36.334,203090,Maurice Harkless,maurice-harkless,6-7,220,8,F-G,1610612758
1629610,2021-03-30 17:18:04.339,2021-03-30 17:19:36.355,1629610,DaQuan Jeffries,daquan-jeffries,6-5,230,19,G-F,1610612758
202355,2021-03-30 17:18:04.342,2021-03-30 17:19:36.382,202355,Hassan Whiteside,hassan-whiteside,7-0,265,20,C,1610612758
1626158,2021-03-30 17:18:04.346,2021-03-30 17:19:36.39,1626158,Richaun Holmes,richaun-holmes,6-10,235,22,F,1610612758
1629234,2021-03-30 17:18:04.374,2021-03-30 17:19:36.687,1629234,Drew Eubanks,drew-eubanks,6-9,245,14,F-C,1610612759
200752,2021-03-30 17:18:04.376,2021-03-30 17:19:36.706,200752,Rudy Gay,rudy-gay,6-8,250,22,F-G,1610612759
1629139,2021-03-30 17:18:04.379,2021-03-30 17:19:36.939,1629139,Yuta Watanabe,yuta-watanabe,6-9,215,18,G-F,1610612761
1627832,2021-03-30 17:18:04.381,2021-03-30 17:19:36.952,1627832,Fred VanVleet,fred-vanvleet,6-1,197,23,G,1610612761
1627783,2021-03-30 17:18:04.383,2021-03-30 17:19:37,1627783,Pascal Siakam,pascal-siakam,6-9,230,43,F,1610612761
101141,2021-03-30 17:18:04.385,2021-03-30 17:19:37.147,101141,Ersan Ilyasova,ersan-ilyasova,6-9,235,7,F,1610612762
1629752,2021-03-30 17:18:04.387,2021-03-30 17:19:37.187,1629752,Juwan Morgan,juwan-morgan,6-7,232,16,F,1610612762
203497,2021-03-30 17:18:04.389,2021-03-30 17:19:37.231,203497,Rudy Gobert,rudy-gobert,7-1,258,27,C,1610612762
1629060,2021-03-30 17:18:04.392,2021-03-30 17:19:37.443,1629060,Rui Hachimura,rui-hachimura,6-8,230,8,F,1610612764
1628418,2021-03-30 17:18:04.396,2021-03-30 17:19:37.486,1628418,Thomas Bryant,thomas-bryant,6-10,248,13,C-F,1610612764
1629726,2021-03-30 17:18:04.398,2021-03-30 17:19:37.552,1629726,Garrison Mathews,garrison-mathews,6-5,215,24,G,1610612764
1628390,2021-03-30 17:18:04.726,2021-03-30 17:18:04.726,1628390,Terrance Ferguson,terrance-ferguson,6-6,190,23,G,
1628993,2021-03-30 17:18:04.793,2021-03-30 17:19:30.206,1628993,Alize Johnson,alize-johnson,6-7,212,24,F,1610612751
202696,2021-03-30 17:18:04.596,2021-03-30 17:19:30.778,202696,Nikola Vucevic,nikola-vucevic,6-11,260,9,C,1610612741
203107,2021-03-30 17:18:04.599,2021-03-30 17:19:30.85,203107,Tomas Satoransky,tomas-satoransky,6-7,210,31,G,1610612741
1626188,2021-03-30 17:18:04.601,2021-03-30 17:19:30.994,1626188,Quinn Cook,quinn-cook,6-1,180,2,G,1610612739
1626224,2021-03-30 17:18:04.795,2021-03-30 17:19:31.077,1626224,Cedi Osman,cedi-osman,6-7,230,16,F,1610612739
1626196,2021-03-30 17:18:04.797,2021-03-30 17:19:31.28,1626196,Josh Richardson,josh-richardson,6-5,200,0,G,1610612742
1629029,2021-03-30 17:18:04.604,2021-03-30 17:19:31.453,1629029,Luka Doncic,luka-doncic,6-7,230,77,F-G,1610612742
1628402,2021-03-30 17:18:04.623,2021-03-30 17:19:31.849,1628402,Frank Jackson,frank-jackson,6-3,205,5,G,1610612765
1628977,2021-03-30 17:18:04.626,2021-03-30 17:19:31.855,1628977,Hamidou Diallo,hamidou-diallo,6-5,202,6,G,1610612765
203924,2021-03-30 17:18:04.63,2021-03-30 17:19:31.895,203924,Jerami Grant,jerami-grant,6-8,210,9,F,1610612765
1626143,2021-03-30 17:18:04.632,2021-03-30 17:19:31.904,1626143,Jahlil Okafor,jahlil-okafor,6-10,270,13,C-F,1610612765
202709,2021-03-30 17:18:04.628,2021-03-30 17:19:31.938,202709,Cory Joseph,cory-joseph,6-3,200,18,G,1610612765
1627814,2021-03-30 17:18:04.634,2021-03-30 17:19:32.126,1627814,Damion Lee,damion-lee,6-5,210,1,G-F,1610612744
203145,2021-03-30 17:18:04.638,2021-03-30 17:19:32.249,203145,Kent Bazemore,kent-bazemore,6-4,195,26,G-F,1610612744
203957,2021-03-30 17:18:04.641,2021-03-30 17:19:32.445,203957,Dante Exum,dante-exum,6-5,214,5,G,1610612745
1628410,2021-03-30 17:18:04.644,2021-03-30 17:19:32.694,1628410,Edmond Sumner,edmond-sumner,6-4,196,5,G,1610612754
203087,2021-03-30 17:18:04.647,2021-03-30 17:19:32.796,203087,Jeremy Lamb,jeremy-lamb,6-5,180,26,G-F,1610612754
1629599,2021-03-30 17:18:04.649,2021-03-30 17:19:32.959,1629599,Amir Coffey,amir-coffey,6-7,210,7,G-F,1610612746
203471,2021-03-30 17:18:04.652,2021-03-30 17:19:33.3,203471,Dennis Schroder,dennis-schroder,6-3,172,17,G,1610612747
2544,2021-03-30 17:18:04.654,2021-03-30 17:19:33.307,2544,LeBron James,lebron-james,6-9,250,23,F,1610612747
1629001,2021-03-30 17:18:04.673,2021-03-30 17:19:33.443,1629001,De'Anthony Melton,deanthony-melton,6-2,200,0,G,1610612763
203937,2021-03-30 17:18:04.676,2021-03-30 17:19:33.45,203937,Kyle Anderson,kyle-anderson,6-9,230,1,F-G,1610612763
1628960,2021-03-30 17:18:04.678,2021-03-30 17:19:33.483,1628960,Grayson Allen,grayson-allen,6-4,198,3,G,1610612763
1628991,2021-03-30 17:18:04.68,2021-03-30 17:19:33.531,1628991,Jaren Jackson Jr.,jaren-jackson-jr,6-11,242,13,F-C,1610612763
1629216,2021-03-30 17:18:04.682,2021-03-30 17:19:33.733,1629216,Gabe Vincent,gabe-vincent,6-3,200,2,G,1610612748
202710,2021-03-30 17:18:04.684,2021-03-30 17:19:33.807,202710,Jimmy Butler,jimmy-butler,6-7,230,22,F,1610612748
203114,2021-03-30 17:18:04.686,2021-03-30 17:19:34.057,203114,Khris Middleton,khris-middleton,6-7,222,22,F,1610612749
201937,2021-03-30 17:18:04.688,2021-03-30 17:19:34.299,201937,Ricky Rubio,ricky-rubio,6-3,190,9,G,1610612750
1627823,2021-03-30 17:18:04.693,2021-03-30 17:19:34.384,1627823,Juancho Hernangomez,juancho-hernangomez,6-9,214,41,F,1610612750
1629627,2021-03-30 17:18:04.695,2021-03-30 17:19:34.477,1629627,Zion Williamson,zion-williamson,6-7,284,1,F,1610612740
1629637,2021-03-30 17:18:04.698,2021-03-30 17:19:34.55,1629637,Jaxson Hayes,jaxson-hayes,6-11,220,10,C-F,1610612740
203500,2021-03-30 17:18:04.7,2021-03-30 17:19:34.557,203500,Steven Adams,steven-adams,6-11,265,12,C,1610612740
203457,2021-03-30 17:18:04.702,2021-03-30 17:19:34.75,203457,Nerlens Noel,nerlens-noel,6-11,220,3,C-F,1610612752
1629628,2021-03-30 17:18:04.704,2021-03-30 17:19:34.795,1629628,RJ Barrett,rj-barrett,6-6,214,9,F-G,1610612752
1629033,2021-03-30 17:18:04.723,2021-03-30 17:19:34.841,1629033,Theo Pinson,theo-pinson,6-5,212,21,G-F,1610612752
203121,2021-03-30 17:18:04.728,2021-03-30 17:19:35.053,203121,Darius Miller,darius-miller,6-6,225,12,F,1610612760
202699,2021-03-30 17:18:04.73,2021-03-30 17:19:35.586,202699,Tobias Harris,tobias-harris,6-8,226,12,F,1610612755
1629649,2021-03-30 17:18:04.732,2021-03-30 17:19:35.602,1629649,Ignas Brazdeikis,ignas-brazdeikis,6-6,221,17,F,1610612755
1629003,2021-03-30 17:18:04.735,2021-03-30 17:19:35.627,1629003,Shake Milton,shake-milton,6-5,205,18,G-F,1610612755
203954,2021-03-30 17:18:04.737,2021-03-30 17:19:35.634,203954,Joel Embiid,joel-embiid,7-0,280,21,C-F,1610612755
2730,2021-03-30 17:18:04.739,2021-03-30 17:19:35.692,2730,Dwight Howard,dwight-howard,6-10,265,39,C-F,1610612755
1626163,2021-03-30 17:18:04.552,2021-03-30 17:19:35.84,1626163,Frank Kaminsky,frank-kaminsky,7-0,240,8,F-C,1610612756
1627846,2021-03-30 17:18:04.555,2021-03-30 17:19:35.854,1627846,Abdel Nader,abdel-nader,6-5,225,11,F,1610612756
1626166,2021-03-30 17:18:04.742,2021-03-30 17:19:35.885,1626166,Cameron Payne,cameron-payne,6-1,183,15,G,1610612756
203967,2021-03-30 17:18:04.744,2021-03-30 17:19:35.892,203967,Dario Saric,dario-saric,6-10,225,20,F-C,1610612756
202734,2021-03-30 17:18:04.746,2021-03-30 17:19:35.939,202734,E'Twaun Moore,etwaun-moore,6-3,191,55,G,1610612756
203109,2021-03-30 17:18:04.748,2021-03-30 17:19:35.946,203109,Jae Crowder,jae-crowder,6-6,235,99,F,1610612756
203081,2021-03-30 17:18:04.75,2021-03-30 17:19:36.041,203081,Damian Lillard,damian-lillard,6-2,195,0,G,1610612757
203468,2021-03-30 17:18:04.752,2021-03-30 17:19:36.079,203468,CJ McCollum,cj-mccollum,6-3,190,3,G,1610612757
1628385,2021-03-30 17:18:04.576,2021-03-30 17:19:36.087,1628385,Harry Giles III,harry-giles-iii,6-11,240,4,F-C,1610612757
1627884,2021-03-30 17:18:04.773,2021-03-30 17:19:36.094,1627884,Derrick Jones Jr.,derrick-jones-jr,6-5,210,5,F,1610612757
1628380,2021-03-30 17:18:04.754,2021-03-30 17:19:36.184,1628380,Zach Collins,zach-collins,6-11,250,33,F-C,1610612757
1629657,2021-03-30 17:18:04.775,2021-03-30 17:19:36.327,1629657,Kyle Guy,kyle-guy,6-1,167,7,G,1610612758
1627741,2021-03-30 17:18:04.578,2021-03-30 17:19:36.397,1627741,Buddy Hield,buddy-hield,6-4,220,24,G,1610612758
1629002,2021-03-30 17:18:04.778,2021-03-30 17:19:36.404,1629002,Chimezie Metu,chimezie-metu,6-9,225,25,F-C,1610612758
1626153,2021-03-30 17:18:04.78,2021-03-30 17:19:36.452,1626153,Delon Wright,delon-wright,6-5,185,55,G,1610612758
1628401,2021-03-30 17:18:04.782,2021-03-30 17:19:36.634,1628401,Derrick White,derrick-white,6-4,190,4,G,1610612759
1629683,2021-03-30 17:18:04.582,2021-03-30 17:19:36.694,1629683,Quinndary Weatherspoon,quinndary-weatherspoon,6-3,205,15,G,1610612759
1628966,2021-03-30 17:18:04.584,2021-03-30 17:19:36.753,1628966,Keita Bates-Diop,keita-bates-diop,6-8,229,31,F,1610612759
1626168,2021-03-30 17:18:04.784,2021-03-30 17:19:36.785,1626168,Trey Lyles,trey-lyles,6-9,234,41,F,1610612759
1626169,2021-03-30 17:18:04.587,2021-03-30 17:19:36.902,1626169,Stanley Johnson,stanley-johnson,6-6,242,5,F-G,1610612761
203918,2021-03-30 17:18:04.59,2021-03-30 17:19:36.986,203918,Rodney Hood,rodney-hood,6-8,208,32,G-F,1610612761
1629018,2021-03-30 17:18:04.786,2021-03-30 17:19:36.993,1629018,Gary Trent Jr.,gary-trent-jr,6-5,209,33,G-F,1610612761
1628378,2021-03-30 17:18:04.592,2021-03-30 17:19:37.258,1628378,Donovan Mitchell,donovan-mitchell,6-1,215,45,G,1610612762
1629671,2021-03-30 17:18:04.594,2021-03-30 17:19:37.282,1629671,Miye Oni,miye-oni,6-5,206,81,G-F,1610612762
203526,2021-03-30 17:18:04.788,2021-03-30 17:19:37.545,203526,Raul Neto,raul-neto,6-1,180,19,G,1610612764
1629027,2021-03-30 17:18:05,2021-03-30 17:19:29.481,1629027,Trae Young,trae-young,6-1,180,11,G,1610612737
1629631,2021-03-30 17:18:05.002,2021-03-30 17:19:29.49,1629631,De'Andre Hunter,deandre-hunter,6-8,225,12,F-G,1610612737
203992,2021-03-30 17:18:05.004,2021-03-30 17:19:29.5,203992,Bogdan Bogdanovic,bogdan-bogdanovic,6-6,220,13,G,1610612737
203991,2021-03-30 17:18:05.023,2021-03-30 17:19:29.526,203991,Clint Capela,clint-capela,6-10,240,15,C,1610612737
1630168,2021-03-30 17:18:05.026,2021-03-30 17:19:29.534,1630168,Onyeka Okongwu,onyeka-okongwu,6-8,235,17,F-C,1610612737
1628381,2021-03-30 17:18:05.028,2021-03-30 17:19:29.578,1628381,John Collins,john-collins,6-9,235,20,F-C,1610612737
1629629,2021-03-30 17:18:05.03,2021-03-30 17:19:29.587,1629629,Cam Reddish,cam-reddish,6-8,218,22,F-G,1610612737
1629035,2021-03-30 17:18:05.034,2021-03-30 17:19:29.744,1629035,Carsen Edwards,carsen-edwards,5-11,200,4,G,1610612738
1630202,2021-03-30 17:18:05.036,2021-03-30 17:19:29.786,1630202,Payton Pritchard,payton-pritchard,6-1,195,11,G,1610612738
1630174,2021-03-30 17:18:05.038,2021-03-30 17:19:29.834,1630174,Aaron Nesmith,aaron-nesmith,6-5,215,26,G-F,1610612738
203935,2021-03-30 17:18:05.04,2021-03-30 17:19:29.841,203935,Marcus Smart,marcus-smart,6-3,220,36,G,1610612738
201599,2021-03-30 17:18:05.043,2021-03-30 17:19:30.089,201599,DeAndre Jordan,deandre-jordan,6-11,265,6,C,1610612751
204020,2021-03-30 17:18:05.045,2021-03-30 17:19:30.14,204020,Tyler Johnson,tyler-johnson,6-3,186,10,G,1610612751
203925,2021-03-30 17:18:05.047,2021-03-30 17:19:30.156,203925,Joe Harris,joe-harris,6-6,220,12,G-F,1610612751
203915,2021-03-30 17:18:05.049,2021-03-30 17:19:30.231,203915,Spencer Dinwiddie,spencer-dinwiddie,6-5,215,26,G,1610612751
1629651,2021-03-30 17:18:05.051,2021-03-30 17:19:30.239,1629651,Nicolas Claxton,nicolas-claxton,6-11,215,33,F-C,1610612751
1629740,2021-03-30 17:18:04.799,2021-03-30 17:19:31.406,1629740,Nicolo Melli,nicolo-melli,6-9,236,20,F,1610612742
1629008,2021-03-30 17:18:04.803,2021-03-30 17:19:31.586,1629008,Michael Porter Jr.,michael-porter-jr,6-10,218,1,F,1610612743
200794,2021-03-30 17:18:04.823,2021-03-30 17:19:31.603,200794,Paul Millsap,paul-millsap,6-7,257,4,F,1610612743
203932,2021-03-30 17:18:04.801,2021-03-30 17:19:31.744,203932,Aaron Gordon,aaron-gordon,6-8,235,50,F,1610612743
201961,2021-03-30 17:18:04.825,2021-03-30 17:19:31.888,201961,Wayne Ellington,wayne-ellington,6-4,207,8,G,1610612765
1629673,2021-03-30 17:18:04.829,2021-03-30 17:19:32.144,1629673,Jordan Poole,jordan-poole,6-4,194,3,G,1610612744
202691,2021-03-30 17:18:04.831,2021-03-30 17:19:32.192,202691,Klay Thompson,klay-thompson,6-6,215,11,G,1610612744
203952,2021-03-30 17:18:04.833,2021-03-30 17:19:32.234,203952,Andrew Wiggins,andrew-wiggins,6-7,197,22,F,1610612744
1628391,2021-03-30 17:18:04.835,2021-03-30 17:19:32.393,1628391,D.J. Wilson,dj-wilson,6-10,231,00,F,1610612745
1628021,2021-03-30 17:18:04.837,2021-03-30 17:19:32.406,1628021,David Nwaba,david-nwaba,6-5,219,2,G-F,1610612745
201569,2021-03-30 17:18:04.84,2021-03-30 17:19:32.492,201569,Eric Gordon,eric-gordon,6-3,215,10,G,1610612745
203463,2021-03-30 17:18:04.842,2021-03-30 17:19:32.508,203463,Ben McLemore,ben-mclemore,6-3,195,16,G,1610612745
1627734,2021-03-30 17:18:04.845,2021-03-30 17:19:32.745,1627734,Domantas Sabonis,domantas-sabonis,6-11,240,11,F-C,1610612754
203960,2021-03-30 17:18:04.847,2021-03-30 17:19:32.752,203960,JaKarr Sampson,jakarr-sampson,6-7,214,14,F,1610612754
203926,2021-03-30 17:18:04.849,2021-03-30 17:19:32.758,203926,Doug McDermott,doug-mcdermott,6-7,225,20,F,1610612754
1629103,2021-03-30 17:18:04.852,2021-03-30 17:19:32.782,1629103,Kelan Martin,kelan-martin,6-5,230,21,F,1610612754
1629611,2021-03-30 17:18:04.854,2021-03-30 17:19:33.008,1629611,Terance Mann,terance-mann,6-5,215,14,G-F,1610612746
1627826,2021-03-30 17:18:04.873,2021-03-30 17:19:33.048,1627826,Ivica Zubac,ivica-zubac,7-0,240,40,C,1610612746
203076,2021-03-30 17:18:04.875,2021-03-30 17:19:33.206,203076,Anthony Davis,anthony-davis,6-10,253,3,F-C,1610612747
1629007,2021-03-30 17:18:04.878,2021-03-30 17:19:33.491,1629007,Jontay Porter,jontay-porter,6-11,240,4,C-F,1610612763
203506,2021-03-30 17:18:04.883,2021-03-30 17:19:33.741,203506,Victor Oladipo,victor-oladipo,6-4,213,4,G,1610612748
2617,2021-03-30 17:18:04.885,2021-03-30 17:19:33.853,2617,Udonis Haslem,udonis-haslem,6-8,235,40,F,1610612748
1628978,2021-03-30 17:18:04.89,2021-03-30 17:19:33.976,1628978,Donte DiVincenzo,donte-divincenzo,6-4,203,0,G,1610612749
1627736,2021-03-30 17:18:04.893,2021-03-30 17:19:34.277,1627736,Malik Beasley,malik-beasley,6-4,187,5,G,1610612750
1629162,2021-03-30 17:18:04.895,2021-03-30 17:19:34.284,1629162,Jordan McLaughlin,jordan-mclaughlin,5-11,185,6,G,1610612750
202334,2021-03-30 17:18:04.898,2021-03-30 17:19:34.339,202334,Ed Davis,ed-davis,6-9,218,17,C-F,1610612750
1629006,2021-03-30 17:18:04.9,2021-03-30 17:19:34.346,1629006,Josh Okogie,josh-okogie,6-4,213,20,G,1610612750
1629117,2021-03-30 17:18:04.902,2021-03-30 17:19:34.63,1629117,Wenyen Gabriel,wenyen-gabriel,6-9,205,32,F,1610612740
1628995,2021-03-30 17:18:04.904,2021-03-30 17:19:34.834,1628995,Kevin Knox II,kevin-knox-ii,6-7,215,20,F,1610612752
1629647,2021-03-30 17:18:04.923,2021-03-30 17:19:35.032,1629647,Darius Bazley,darius-bazley,6-8,208,7,F-G,1610612760
1628396,2021-03-30 17:18:04.925,2021-03-30 17:19:35.077,1628396,Tony Bradley,tony-bradley,6-10,248,13,C-F,1610612760
1629026,2021-03-30 17:18:04.928,2021-03-30 17:19:35.144,1629026,Kenrich Williams,kenrich-williams,6-6,210,34,G-F,1610612760
203118,2021-03-30 17:18:04.93,2021-03-30 17:19:35.54,203118,Mike Scott,mike-scott,6-7,237,1,F,1610612755
201980,2021-03-30 17:18:04.932,2021-03-30 17:19:35.594,201980,Danny Green,danny-green,6-6,215,14,G,1610612755
1629680,2021-03-30 17:18:04.934,2021-03-30 17:19:35.641,1629680,Matisse Thybulle,matisse-thybulle,6-5,201,22,G-F,1610612755
1627732,2021-03-30 17:18:04.936,2021-03-30 17:19:35.648,1627732,Ben Simmons,ben-simmons,6-11,240,25,G-F,1610612755
203552,2021-03-30 17:18:04.94,2021-03-30 17:19:35.677,203552,Seth Curry,seth-curry,6-2,185,31,G,1610612755
1626164,2021-03-30 17:18:04.944,2021-03-30 17:19:35.797,1626164,Devin Booker,devin-booker,6-5,206,1,G,1610612756
101108,2021-03-30 17:18:04.947,2021-03-30 17:19:35.809,101108,Chris Paul,chris-paul,6-0,175,3,G,1610612756
1629713,2021-03-30 17:18:04.954,2021-03-30 17:19:36.342,1629713,Justin James,justin-james,6-7,190,10,G-F,1610612758
1629735,2021-03-30 17:18:04.973,2021-03-30 17:19:36.428,1629735,Chris Silva,chris-silva,6-8,234,30,F,1610612758
1629640,2021-03-30 17:18:04.977,2021-03-30 17:19:36.627,1629640,Keldon Johnson,keldon-johnson,6-5,220,3,F-G,1610612759
1627749,2021-03-30 17:18:04.98,2021-03-30 17:19:36.641,1627749,Dejounte Murray,dejounte-murray,6-4,180,5,G,1610612759
203476,2021-03-30 17:18:04.88,2021-03-30 17:19:36.68,203476,Gorgui Dieng,gorgui-dieng,6-10,252,14,C,1610612759
1629677,2021-03-30 17:18:04.982,2021-03-30 17:19:36.701,1629677,Luka Samanic,luka-samanic,6-10,227,19,F,1610612759
1628778,2021-03-30 17:18:04.984,2021-03-30 17:19:36.881,1628778,Paul Watson,paul-watson,6-6,210,1,G,1610612761
200768,2021-03-30 17:18:04.987,2021-03-30 17:19:36.908,200768,Kyle Lowry,kyle-lowry,6-0,196,7,G,1610612761
203382,2021-03-30 17:18:04.989,2021-03-30 17:19:37.007,203382,Aron Baynes,aron-baynes,6-10,260,46,C-F,1610612761
203903,2021-03-30 17:18:04.991,2021-03-30 17:19:37.103,203903,Jordan Clarkson,jordan-clarkson,6-4,194,00,G,1610612762
1629744,2021-03-30 17:18:04.994,2021-03-30 17:19:37.2,1629744,Matt Thomas,matt-thomas,6-4,190,21,G,1610612762
201566,2021-03-30 17:18:04.996,2021-03-30 17:19:37.428,201566,Russell Westbrook,russell-westbrook,6-3,200,4,G,1610612764
201952,2021-03-30 17:18:05.092,2021-03-30 17:18:05.092,201952,Jeff Teague,jeff-teague,6-3,195,55,G,
201568,2021-03-30 17:18:05.152,2021-03-30 17:19:29.456,201568,Danilo Gallinari,danilo-gallinari,6-10,233,8,F,1610612737
203524,2021-03-30 17:18:05.154,2021-03-30 17:19:29.543,203524,Solomon Hill,solomon-hill,6-6,226,18,F,1610612737
202684,2021-03-30 17:18:05.177,2021-03-30 17:19:29.802,202684,Tristan Thompson,tristan-thompson,6-9,254,13,C-F,1610612738
1628436,2021-03-30 17:18:05.173,2021-03-30 17:19:29.857,1628436,Luke Kornet,luke-kornet,7-2,250,40,F-C,1610612738
203095,2021-03-30 17:18:05.175,2021-03-30 17:19:29.906,203095,Evan Fournier,evan-fournier,6-7,205,94,G-F,1610612738
1629617,2021-03-30 17:18:05.179,2021-03-30 17:19:30.04,1629617,Reggie Perry,reggie-perry,6-8,250,0,F-C,1610612751
1630163,2021-03-30 17:18:05.053,2021-03-30 17:19:30.433,1630163,LaMelo Ball,lamelo-ball,6-6,180,2,G,1610612766
1630203,2021-03-30 17:18:05.073,2021-03-30 17:19:30.488,1630203,Grant Riller,grant-riller,6-2,190,7,G,1610612766
1630208,2021-03-30 17:18:05.181,2021-03-30 17:19:30.545,1630208,Nick Richards,nick-richards,7-0,245,14,C,1610612766
1630268,2021-03-30 17:18:05.185,2021-03-30 17:19:30.593,1630268,Nate Darling,nate-darling,6-6,200,30,G,1610612766
1629653,2021-03-30 17:18:05.187,2021-03-30 17:19:30.702,1629653,Devon Dotson,devon-dotson,6-2,185,3,G,1610612741
1626245,2021-03-30 17:18:05.189,2021-03-30 17:19:30.736,1626245,Cristiano Felicio,cristiano-felicio,6-11,270,6,F-C,1610612741
203897,2021-03-30 17:18:05.192,2021-03-30 17:19:30.753,203897,Zach LaVine,zach-lavine,6-5,200,8,G-F,1610612741
202066,2021-03-30 17:18:05.197,2021-03-30 17:19:30.794,202066,Garrett Temple,garrett-temple,6-5,195,17,G-F,1610612741
201152,2021-03-30 17:18:05.198,2021-03-30 17:19:30.827,201152,Thaddeus Young,thaddeus-young,6-8,235,21,F,1610612741
1628374,2021-03-30 17:18:05.2,2021-03-30 17:19:30.835,1628374,Lauri Markkanen,lauri-markkanen,7-0,240,24,F-C,1610612741
1630172,2021-03-30 17:18:05.194,2021-03-30 17:19:30.857,1630172,Patrick Williams,patrick-williams,6-7,215,44,F,1610612741
1627853,2021-03-30 17:18:05.202,2021-03-30 17:19:30.888,1627853,Ryan Arcidiacono,ryan-arcidiacono,6-3,195,51,G,1610612741
1630205,2021-03-30 17:18:05.205,2021-03-30 17:19:31.008,1630205,Lamar Stevens,lamar-stevens,6-6,230,8,F,1610612739
1629636,2021-03-30 17:18:05.223,2021-03-30 17:19:31.043,1629636,Darius Garland,darius-garland,6-1,192,10,G,1610612739
1627752,2021-03-30 17:18:05.226,2021-03-30 17:19:31.052,1627752,Taurean Prince,taurean-prince,6-7,218,12,F,1610612739
1626204,2021-03-30 17:18:05.229,2021-03-30 17:19:31.105,1626204,Larry Nance Jr.,larry-nance-jr,6-7,245,22,F-C,1610612739
1628386,2021-03-30 17:18:05.233,2021-03-30 17:19:31.138,1628386,Jarrett Allen,jarrett-allen,6-11,243,31,C,1610612739
1630271,2021-03-30 17:18:05.235,2021-03-30 17:19:31.153,1630271,Brodric Thomas,brodric-thomas,6-5,185,33,G,1610612739
1630171,2021-03-30 17:18:05.238,2021-03-30 17:19:31.177,1630171,Isaac Okoro,isaac-okoro,6-5,225,35,F-G,1610612739
1630179,2021-03-30 17:18:05.24,2021-03-30 17:19:31.289,1630179,Tyrell Terry,tyrell-terry,6-2,160,1,G,1610612742
1630189,2021-03-30 17:18:05.242,2021-03-30 17:19:31.297,1630189,Tyler Bey,tyler-bey,6-7,215,2,F,1610612742
203504,2021-03-30 17:18:05.244,2021-03-30 17:19:31.305,203504,Trey Burke,trey-burke,6-0,185,3,G,1610612742
1630182,2021-03-30 17:18:05.246,2021-03-30 17:19:31.353,1630182,Josh Green,josh-green,6-5,200,8,G,1610612742
1627827,2021-03-30 17:18:05.248,2021-03-30 17:19:31.378,1627827,Dorian Finney-Smith,dorian-finney-smith,6-7,220,10,F,1610612742
203501,2021-03-30 17:18:05.25,2021-03-30 17:19:31.386,203501,Tim Hardaway Jr.,tim-hardaway-jr,6-5,205,11,G-F,1610612742
1630207,2021-03-30 17:18:05.252,2021-03-30 17:19:31.4,1630207,Nate Hinton,nate-hinton,6-5,210,14,G-F,1610612742
1628467,2021-03-30 17:18:05.254,2021-03-30 17:19:31.439,1628467,Maxi Kleber,maxi-kleber,6-10,240,42,F,1610612742
1626246,2021-03-30 17:18:05.273,2021-03-30 17:19:31.446,1626246,Boban Marjanovic,boban-marjanovic,7-4,290,51,C,1610612742
1630210,2021-03-30 17:18:05.275,2021-03-30 17:19:31.554,1630210,Markus Howard,markus-howard,5-10,175,00,G,1610612743
204222,2021-03-30 17:18:05.277,2021-03-30 17:19:31.595,204222,Greg Whittington,greg-whittington,6-8,210,3,F,1610612743
1630267,2021-03-30 17:18:05.279,2021-03-30 17:19:31.635,1630267,Facundo Campazzo,facundo-campazzo,5-10,195,7,G,1610612743
1630192,2021-03-30 17:18:05.281,2021-03-30 17:19:31.689,1630192,Zeke Nnaji,zeke-nnaji,6-9,240,22,F-C,1610612743
1630165,2021-03-30 17:18:05.283,2021-03-30 17:19:31.879,1630165,Killian Hayes,killian-hayes,6-5,195,7,G,1610612765
1630191,2021-03-30 17:18:05.285,2021-03-30 17:19:31.985,1630191,Isaiah Stewart,isaiah-stewart,6-8,250,28,F-C,1610612765
1630240,2021-03-30 17:18:05.287,2021-03-30 17:19:31.993,1630240,Saben Lee,saben-lee,6-2,183,38,G,1610612765
1628398,2021-03-30 17:18:05.078,2021-03-30 17:19:33.184,1628398,Kyle Kuzma,kyle-kuzma,6-10,221,0,F,1610612747
1626145,2021-03-30 17:18:05.08,2021-03-30 17:19:33.554,1626145,Tyus Jones,tyus-jones,6-0,196,21,G,1610612763
1628415,2021-03-30 17:18:05.082,2021-03-30 17:19:33.584,1628415,Dillon Brooks,dillon-brooks,6-7,225,24,G-F,1610612763
201609,2021-03-30 17:18:05.084,2021-03-30 17:19:33.755,201609,Goran Dragic,goran-dragic,6-3,190,7,G,1610612748
1627774,2021-03-30 17:18:05.086,2021-03-30 17:19:34.307,1627774,Jake Layman,jake-layman,6-8,209,10,F,1610612750
1629633,2021-03-30 17:18:05.088,2021-03-30 17:19:34.353,1629633,Jarrett Culver,jarrett-culver,6-6,195,23,G-F,1610612750
1628411,2021-03-30 17:18:05.09,2021-03-30 17:19:34.498,1628411,Wes Iwundu,wes-iwundu,6-6,195,4,F,1610612740
1629730,2021-03-30 17:18:05.094,2021-03-30 17:19:35.578,1629730,Rayjon Tucker,rayjon-tucker,6-3,209,9,G,1610612755
1629014,2021-03-30 17:18:05.096,2021-03-30 17:19:36.054,1629014,Anfernee Simons,anfernee-simons,6-3,181,1,G,1610612757
1628963,2021-03-30 17:18:05.098,2021-03-30 17:19:36.437,1628963,Marvin Bagley III,marvin-bagley-iii,6-11,235,35,F,1610612758
203084,2021-03-30 17:18:05.1,2021-03-30 17:19:36.444,203084,Harrison Barnes,harrison-barnes,6-8,225,40,F,1610612758
201942,2021-03-30 17:18:05.102,2021-03-30 17:19:36.655,201942,DeMar DeRozan,demar-derozan,6-6,220,10,G-F,1610612759
1627751,2021-03-30 17:18:05.104,2021-03-30 17:19:36.746,1627751,Jakob Poeltl,jakob-poeltl,7-1,245,25,C,1610612759
1627775,2021-03-30 17:18:05.123,2021-03-30 17:19:36.946,1627775,Patrick McCaw,patrick-mccaw,6-7,181,22,G,1610612761
1628449,2021-03-30 17:18:05.126,2021-03-30 17:19:36.978,1628449,Chris Boucher,chris-boucher,6-9,200,25,F-C,1610612761
204060,2021-03-30 17:18:05.13,2021-03-30 17:19:37.127,204060,Joe Ingles,joe-ingles,6-8,220,2,F-G,1610612762
201144,2021-03-30 17:18:05.132,2021-03-30 17:19:37.154,201144,Mike Conley,mike-conley,6-1,175,10,G,1610612762
1626220,2021-03-30 17:18:05.134,2021-03-30 17:19:37.207,1626220,Royce O'Neale,royce-oneale,6-4,226,23,F,1610612762
1627777,2021-03-30 17:18:05.136,2021-03-30 17:19:37.238,1627777,Georges Niang,georges-niang,6-7,230,31,F,1610612762
202711,2021-03-30 17:18:05.138,2021-03-30 17:19:37.251,202711,Bojan Bogdanovic,bojan-bogdanovic,6-7,226,44,F,1610612762
203078,2021-03-30 17:18:05.14,2021-03-30 17:19:37.405,203078,Bradley Beal,bradley-beal,6-3,207,3,G,1610612764
202397,2021-03-30 17:18:05.142,2021-03-30 17:19:37.493,202397,Ish Smith,ish-smith,6-0,175,14,G,1610612764
1629067,2021-03-30 17:18:05.144,2021-03-30 17:19:37.538,1629067,Isaac Bonga,isaac-bonga,6-8,180,17,G,1610612764
203458,2021-03-30 17:18:05.146,2021-03-30 17:19:37.578,203458,Alex Len,alex-len,7-0,250,27,C,1610612764
202722,2021-03-30 17:18:05.148,2021-03-30 17:19:37.588,202722,Davis Bertans,davis-bertans,6-10,225,42,F,1610612764
203085,2021-03-30 17:18:05.346,2021-03-30 17:18:05.346,203085,Austin Rivers,austin-rivers,6-4,200,8,G,
1627737,2021-03-30 17:18:05.353,2021-03-30 17:18:05.353,1627737,Marquese Chriss,marquese-chriss,6-9,240,32,F,
1629738,2021-03-30 17:18:05.403,2021-03-30 17:18:05.403,1629738,Vincent Poirier,vincent-poirier,7-0,235,17,C-F,
1628981,2021-03-30 17:18:05.032,2021-03-30 17:19:29.604,1628981,Bruno Fernando,bruno-fernando,6-9,240,24,F-C,1610612737
1629164,2021-03-30 17:18:05.375,2021-03-30 17:19:29.399,1629164,Brandon Goodwin,brandon-goodwin,6-0,180,0,G,1610612737
1630233,2021-03-30 17:18:05.15,2021-03-30 17:19:29.428,1630233,Nathan Knight,nathan-knight,6-10,253,1,F-C,1610612737
203503,2021-03-30 17:18:05.379,2021-03-30 17:19:29.552,203503,Tony Snell,tony-snell,6-6,213,19,G,1610612737
1628989,2021-03-30 17:18:05.377,2021-03-30 17:19:29.438,1628989,Kevin Huerter,kevin-huerter,6-7,190,3,G-F,1610612737
1630219,2021-03-30 17:18:04.998,2021-03-30 17:19:29.447,1630219,Skylar Mays,skylar-mays,6-4,205,4,G,1610612737
101150,2021-03-30 17:18:03.989,2021-03-30 17:19:29.595,101150,Lou Williams,lou-williams,6-1,175,23,G,1610612737
1629021,2021-03-30 17:18:05.383,2021-03-30 17:19:29.826,1629021,Moritz Wagner,moritz-wagner,6-11,245,20,F-C,1610612738
1628369,2021-03-30 17:18:05.381,2021-03-30 17:19:29.736,1628369,Jayson Tatum,jayson-tatum,6-8,210,0,F-G,1610612738
1629057,2021-03-30 17:18:03.789,2021-03-30 17:19:29.883,1629057,Robert Williams III,robert-williams-iii,6-8,237,44,C-F,1610612738
201145,2021-03-30 17:18:04.791,2021-03-30 17:19:30.105,201145,Jeff Green,jeff-green,6-8,235,8,F,1610612751
1628971,2021-03-30 17:18:05.385,2021-03-30 17:19:30.048,1628971,Bruce Brown,bruce-brown,6-4,202,1,G-F,1610612751
200746,2021-03-30 17:19:30.183,2021-03-30 17:19:30.183,200746,LaMarcus Aldridge,lamarcus-aldridge,6-11,250,12,C-F,1610612751
1629013,2021-03-30 17:18:05.387,2021-03-30 17:19:30.198,1629013,Landry Shamet,landry-shamet,6-4,190,20,G,1610612751
1628997,2021-03-30 17:18:03.841,2021-03-30 17:19:30.53,1628997,Caleb Martin,caleb-martin,6-5,205,10,F,1610612766
1630176,2021-03-30 17:18:05.183,2021-03-30 17:19:30.578,1630176,Vernon Carey Jr.,vernon-carey-jr,6-9,270,22,F-C,1610612766
201567,2021-03-30 17:18:04.4,2021-03-30 17:19:30.987,201567,Kevin Love,kevin-love,6-8,251,0,F-C,1610612739
202329,2021-03-30 17:18:05.389,2021-03-30 17:19:30.728,202329,Al-Farouq Aminu,al-farouq-aminu,6-8,220,5,F,1610612741
1629690,2021-03-30 17:18:05.391,2021-03-30 17:19:30.802,1629690,Adam Mokoka,adam-mokoka,6-4,190,20,G,1610612741
1627756,2021-03-30 17:18:05.393,2021-03-30 17:19:30.88,1627756,Denzel Valentine,denzel-valentine,6-4,220,45,G,1610612741
1629012,2021-03-30 17:18:04.201,2021-03-30 17:19:31.002,1629012,Collin Sexton,collin-sexton,6-1,190,2,G,1610612739
1628392,2021-03-30 17:18:05.231,2021-03-30 17:19:31.131,1628392,Isaiah Hartenstein,isaiah-hartenstein,7-0,250,25,C-F,1610612739
1630180,2021-03-30 17:18:05.289,2021-03-30 17:19:32,1630180,Saddiq Bey,saddiq-bey,6-7,215,41,F,1610612765
1629686,2021-03-30 17:18:05.291,2021-03-30 17:19:32.033,1629686,Deividas Sirvydis,deividas-sirvydis,6-8,190,91,F-G,1610612765
1630185,2021-03-30 17:18:05.293,2021-03-30 17:19:32.136,1630185,Nico Mannion,nico-mannion,6-2,190,2,G,1610612744
1630164,2021-03-30 17:18:05.295,2021-03-30 17:19:32.281,1630164,James Wiseman,james-wiseman,7-0,240,33,C,1610612744
202322,2021-03-30 17:18:05.297,2021-03-30 17:19:32.4,202322,John Wall,john-wall,6-3,210,1,G,1610612745
1630256,2021-03-30 17:18:05.301,2021-03-30 17:19:32.477,1630256,Jae'Sean Tate,jaesean-tate,6-4,230,8,F,1610612745
1630237,2021-03-30 17:18:05.303,2021-03-30 17:19:32.538,1630237,Anthony Lamb,anthony-lamb,6-6,227,33,F,1610612745
1630199,2021-03-30 17:18:05.305,2021-03-30 17:19:32.68,1630199,Cassius Stanley,cassius-stanley,6-5,190,2,G,1610612754
203200,2021-03-30 17:18:05.395,2021-03-30 17:19:32.706,203200,Justin Holiday,justin-holiday,6-6,180,8,F-G,1610612754
1627747,2021-03-30 17:18:05.323,2021-03-30 17:19:32.789,1627747,Caris LeVert,caris-levert,6-6,205,22,G,1610612754
1630206,2021-03-30 17:18:05.325,2021-03-30 17:19:32.938,1630206,Jay Scrubb,jay-scrubb,6-5,220,4,G,1610612746
201586,2021-03-30 17:18:05.327,2021-03-30 17:19:32.987,201586,Serge Ibaka,serge-ibaka,6-10,235,9,F,1610612746
1630187,2021-03-30 17:18:05.329,2021-03-30 17:19:32.994,1630187,Daniel Oturu,daniel-oturu,6-8,240,10,C,1610612746
201188,2021-03-30 17:18:05.331,2021-03-30 17:19:33.286,201188,Marc Gasol,marc-gasol,6-11,255,14,C,1610612747
202693,2021-03-30 17:18:05.333,2021-03-30 17:19:33.345,202693,Markieff Morris,markieff-morris,6-9,245,88,F,1610612747
1630214,2021-03-30 17:18:05.335,2021-03-30 17:19:33.458,1630214,Xavier Tillman,xavier-tillman,6-8,245,2,F,1610612763
1630217,2021-03-30 17:18:05.337,2021-03-30 17:19:33.577,1630217,Desmond Bane,desmond-bane,6-5,215,22,G,1610612763
1630253,2021-03-30 17:18:05.399,2021-03-30 17:19:33.591,1630253,Sean McDermott,sean-mcdermott,6-6,195,30,F,1610612763
1629681,2021-03-30 17:18:05.401,2021-03-30 17:19:33.599,1629681,Killian Tillie,killian-tillie,6-9,220,35,F-C,1610612763
1630173,2021-03-30 17:18:05.405,2021-03-30 17:19:33.748,1630173,Precious Achiuwa,precious-achiuwa,6-8,225,5,F,1610612748
1629622,2021-03-30 17:18:05.423,2021-03-30 17:19:33.846,1629622,Max Strus,max-strus,6-5,215,31,G-F,1610612748
1627854,2021-03-30 17:18:05.339,2021-03-30 17:19:33.992,1627854,Bryn Forbes,bryn-forbes,6-2,205,7,G,1610612749
1630241,2021-03-30 17:18:05.429,2021-03-30 17:19:34.037,1630241,Sam Merrill,sam-merrill,6-4,205,15,G,1610612749
1629603,2021-03-30 17:18:05.433,2021-03-30 17:19:34.09,1629603,Mamadi Diakite,mamadi-diakite,6-9,228,25,F,1610612749
203648,2021-03-30 17:18:05.435,2021-03-30 17:19:34.104,203648,Thanasis Antetokounmpo,thanasis-antetokounmpo,6-6,219,43,F,1610612749
1626253,2021-03-30 17:18:05.439,2021-03-30 17:19:34.127,1626253,Axel Toupane,axel-toupane,6-7,210,66,G-F,1610612749
1630162,2021-03-30 17:18:05.441,2021-03-30 17:19:34.238,1630162,Anthony Edwards,anthony-edwards,6-4,225,1,G,1610612750
1630183,2021-03-30 17:18:05.445,2021-03-30 17:19:34.246,1630183,Jaden McDaniels,jaden-mcdaniels,6-9,185,3,F,1610612750
1629638,2021-03-30 17:18:05.447,2021-03-30 17:19:34.527,1629638,Nickeil Alexander-Walker,nickeil-alexander-walker,6-6,205,6,G,1610612740
1630230,2021-03-30 17:18:05.342,2021-03-30 17:19:34.534,1630230,Naji Marshall,naji-marshall,6-7,220,8,F,1610612740
1626195,2021-03-30 17:18:05.344,2021-03-30 17:19:34.542,1626195,Willy Hernangomez,willy-hernangomez,6-11,250,9,C-F,1610612740
1630184,2021-03-30 17:18:05.452,2021-03-30 17:19:34.582,1630184,Kira Lewis Jr.,kira-lewis-jr,6-1,170,13,G,1610612740
1630266,2021-03-30 17:18:05.397,2021-03-30 17:19:34.605,1630266,Will Magnay,will-magnay,6-10,234,25,C,1610612740
1629004,2021-03-30 17:18:05.348,2021-03-30 17:19:35.084,1629004,Svi Mykhailiuk,svi-mykhailiuk,6-7,205,14,G-F,1610612760
203487,2021-03-30 17:18:05.425,2021-03-30 17:19:35.302,203487,Michael Carter-Williams,michael-carter-williams,6-5,190,7,G,1610612753
1630181,2021-03-30 17:18:05.35,2021-03-30 17:19:35.341,1630181,R.J. Hampton,rj-hampton,6-4,175,13,G,1610612753
203490,2021-03-30 17:18:05.352,2021-03-30 17:19:35.378,203490,Otto Porter Jr.,otto-porter-jr,6-8,198,22,F,1610612753
1626184,2021-03-30 17:18:05.431,2021-03-30 17:19:35.393,1626184,Chasson Randle,chasson-randle,6-2,185,25,G,1610612753
1628976,2021-03-30 17:18:05.437,2021-03-30 17:19:35.407,1628976,Wendell Carter Jr.,wendell-carter-jr,6-10,270,34,C-F,1610612753
2546,2021-03-30 17:18:05.443,2021-03-30 17:19:36.048,2546,Carmelo Anthony,carmelo-anthony,6-7,238,00,F,1610612757
1628990,2021-03-30 17:18:05.451,2021-03-30 17:19:37.5,1628990,Chandler Hutchison,chandler-hutchison,6-6,210,15,F-G,1610612764
203999,2021-03-30 17:18:05.076,2021-03-30 17:19:31.681,203999,Nikola Jokic,nikola-jokic,6-11,284,15,C,1610612743
1629635,2021-03-30 17:18:04.827,2021-03-30 17:19:32.007,1629635,Sekou Doumbouya,sekou-doumbouya,6-8,230,45,F,1610612765
1626162,2021-03-30 17:18:04.636,2021-03-30 17:19:32.2,1626162,Kelly Oubre Jr.,kelly-oubre-jr,6-7,203,12,F-G,1610612744
1627863,2021-03-30 17:18:04.45,2021-03-30 17:19:32.438,1627863,Danuel House Jr.,danuel-house-jr,6-6,220,4,F-G,1610612745
1630231,2021-03-30 17:18:05.299,2021-03-30 17:19:32.452,1630231,Kenyon Martin Jr.,kenyon-martin-jr,6-6,215,6,F,1610612745
1626174,2021-03-30 17:18:04.075,2021-03-30 17:19:32.545,1626174,Christian Wood,christian-wood,6-10,214,35,F,1610612745
1626149,2021-03-30 17:18:04.097,2021-03-30 17:19:33.293,1626149,Montrezl Harrell,montrezl-harrell,6-7,240,15,F-C,1610612747
202357,2021-03-30 17:18:04.887,2021-03-30 17:19:33.885,202357,Nemanja Bjelica,nemanja-bjelica,6-10,234,70,F,1610612748
1629670,2021-03-30 17:18:05.427,2021-03-30 17:19:34.03,1629670,Jordan Nwora,jordan-nwora,6-8,225,13,F,1610612749
201950,2021-03-30 17:18:04.525,2021-03-30 17:19:34.051,201950,Jrue Holiday,jrue-holiday,6-3,205,21,G,1610612749
1626157,2021-03-30 17:18:04.691,2021-03-30 17:19:34.376,1626157,Karl-Anthony Towns,karl-anthony-towns,6-11,248,32,C-F,1610612750
1629607,2021-03-30 17:18:04.278,2021-03-30 17:19:34.735,1629607,Jared Harper,jared-harper,5-10,175,0,G,1610612752
1630221,2021-03-30 17:18:03.889,2021-03-30 17:19:35.091,1630221,Josh Hall,josh-hall,6-9,190,15,F,1610612760
1630222,2021-03-30 17:19:35.555,2021-03-30 17:19:35.555,1630222,Mason Jones,mason-jones,6-4,200,9,G,1610612755
1628470,2021-03-30 17:18:04.573,2021-03-30 17:19:35.877,1628470,Torrey Craig,torrey-craig,6-7,221,12,F,1610612756
1628969,2021-03-30 17:18:04.324,2021-03-30 17:19:35.932,1628969,Mikal Bridges,mikal-bridges,6-6,209,25,F,1610612756
1629833,2021-03-30 17:18:03.944,2021-03-30 17:19:36.139,1629833,Keljin Blevins,keljin-blevins,6-4,200,21,G,1610612757
1629056,2021-03-30 17:18:04.95,2021-03-30 17:19:36.289,1629056,Terence Davis,terence-davis,6-4,201,0,G,1610612758
1629022,2021-03-30 17:18:04.58,2021-03-30 17:19:36.603,1629022,Lonnie Walker IV,lonnie-walker-iv,6-4,204,1,G-F,1610612759
1629244,2021-03-30 17:19:36.732,2021-03-30 17:19:36.732,1629244,Cameron Reynolds,cameron-reynolds,6-7,225,23,F,1610612759
1627761,2021-03-30 17:18:05.128,2021-03-30 17:19:37.031,1627761,DeAndre' Bembry,deandre-bembry,6-5,210,95,G-F,1610612761
202324,2021-03-30 17:18:04.189,2021-03-30 17:19:37.18,202324,Derrick Favors,derrick-favors,6-9,265,15,F,1610612762
1629010,2021-03-30 17:18:04.394,2021-03-30 17:19:37.456,1629010,Jerome Robinson,jerome-robinson,6-4,190,12,G,1610612764
1629655,2021-03-30 17:18:05.372,2021-03-30 17:19:37.48,1629655,Daniel Gafford,daniel-gafford,6-10,234,12,F-C,1610612764
